,Rk,G,Date,Age,Tm,Column1,Opp,_1,GS,MP,FG,FGA,FG%,3P,3PA,3P%,FT,FTA,FT%,ORB,DRB,TRB,AST,STOCK,STL,BLK,TOV,PF,PTS,GmSc,+/-,Name
1,1,1,19/10/2022,25-093,MIA,H,CHI,L (-8),1,34:00:00,5,15,0.333,0,0,H,2,3,0.667,1,8,9,2,1,0,1,5,4,12,1.7,-15,Bam Adebayo
2,2,2,21/10/2022,25-095,MIA,H,BOS,L (-7),1,34:53:00,8,11,0.727,0,0,H,3,4,0.75,3,5,8,5,2,2,0,5,4,19,16.6,20,Bam Adebayo
3,3,3,22/10/2022,25-096,MIA,H,TOR,W (+3),1,35:42:00,4,6,0.667,0,1,0,2,2,1,0,7,7,1,0,0,0,3,3,10,6,5,Bam Adebayo
4,4,4,24/10/2022,25-098,MIA,H,TOR,L (-8),1,37:41:00,4,14,0.286,0,0,H,6,6,1,4,6,10,3,3,1,2,3,1,14,11.5,5,Bam Adebayo
5,5,5,26/10/2022,25-100,MIA,@,POR,W (+21),1,28:21:00,6,11,0.545,0,1,0,6,7,0.857,3,5,8,3,1,1,0,3,3,18,14.8,17,Bam Adebayo
6,6,6,27/10/2022,25-101,MIA,@,GSW,L (-13),1,37:44:00,10,13,0.769,0,0,H,6,8,0.75,4,4,8,1,7,4,3,5,2,26,25.1,-12,Bam Adebayo
7,7,7,29/10/2022,25-103,MIA,@,SAC,L (-6),1,37:43:00,9,16,0.563,0,0,H,5,6,0.833,2,4,6,4,2,0,2,1,6,23,18.4,6,Bam Adebayo
8,8,8,01/11/2022,25-106,MIA,H,GSW,W (+7),1,37:11:00,8,15,0.533,0,0,H,3,3,1,1,6,7,6,4,3,1,2,4,19,18.5,0,Bam Adebayo
9,9,9,02/11/2022,25-107,MIA,H,SAC,W (+3),1,32:06:00,9,16,0.563,0,0,H,2,2,1,2,9,11,6,0,0,0,4,5,20,14.7,2,Bam Adebayo
10,10,10,04/11/2022,25-109,MIA,@,IND,L (-2),1,33:52:00,7,14,0.5,0,1,0,4,4,1,3,7,10,4,1,1,0,5,4,18,12.4,3,Bam Adebayo
11,11,11,07/11/2022,25-112,MIA,H,POR,L (-3),1,33:22:00,8,14,0.571,0,0,H,0,1,0,2,3,5,3,2,1,1,1,1,16,13.7,2,Bam Adebayo
12,12,12,10/11/2022,25-115,MIA,H,CHO,W (+5),1,38:36:00,6,15,0.4,0,1,0,6,6,1,2,12,14,4,2,2,0,5,5,18,12.7,9,Bam Adebayo
13,13,13,12/11/2022,25-117,MIA,H,CHO,W (+17),1,33:04:00,11,18,0.611,0,0,H,2,3,0.667,1,14,15,4,2,1,1,5,4,24,18.2,19,Bam Adebayo
14,14,14,14/11/2022,25-119,MIA,H,PHO,W (+1),1,36:14:00,9,18,0.5,0,1,0,12,14,0.857,6,4,10,1,1,1,0,3,2,30,23.5,12,Bam Adebayo
15,17,15,20/11/2022,25-125,MIA,@,CLE,L (-26),1,26:58:00,7,14,0.5,0,0,H,7,7,1,2,4,6,3,1,0,1,3,2,21,15.6,-20,Bam Adebayo
16,18,16,21/11/2022,25-126,MIA,@,MIN,L (-4),1,34:59:00,7,18,0.389,0,2,0,3,6,0.5,4,10,14,5,2,0,2,1,5,17,13.7,-11,Bam Adebayo
17,19,17,23/11/2022,25-128,MIA,H,WAS,W (+8),1,35:21:00,5,15,0.333,0,0,H,5,6,0.833,4,7,11,2,3,2,1,2,4,15,11.5,6,Bam Adebayo
18,20,18,25/11/2022,25-130,MIA,H,WAS,W (+3),1,35:18:00,15,22,0.682,0,1,0,8,8,1,3,9,12,3,0,0,0,0,4,38,33.9,1,Bam Adebayo
19,21,19,27/11/2022,25-132,MIA,@,ATL,W (+8),1,33:42:00,13,20,0.65,0,0,H,6,6,1,1,7,8,1,1,0,1,3,2,32,23.6,1,Bam Adebayo
20,22,20,30/11/2022,25-135,MIA,@,BOS,L (-13),1,38:21:00,10,19,0.526,1,1,1,2,2,1,1,5,6,5,2,2,0,5,5,23,14.4,-6,Bam Adebayo
21,23,21,02/12/2022,25-137,MIA,@,BOS,W (+4),1,38:27:00,10,18,0.556,0,0,H,8,9,0.889,1,6,7,3,2,1,1,2,3,28,22.1,7,Bam Adebayo
22,24,22,05/12/2022,25-140,MIA,@,MEM,L (-8),1,38:44:00,5,13,0.385,0,0,H,5,5,1,1,4,5,4,0,0,0,1,0,15,11.6,9,Bam Adebayo
23,25,23,06/12/2022,25-141,MIA,H,DET,L (-20),1,34:13:00,9,16,0.563,0,0,H,3,6,0.5,1,14,15,2,1,0,1,5,3,21,13,-12,Bam Adebayo
24,26,24,08/12/2022,25-143,MIA,H,LAC,W (+5),1,36:25:00,14,21,0.667,0,0,H,3,3,1,4,6,10,4,1,1,0,2,0,31,28.3,13,Bam Adebayo
25,27,25,10/12/2022,25-145,MIA,H,SAS,L (-4),1,32:20:00,5,11,0.455,0,1,0,2,5,0.4,2,7,9,4,0,0,0,0,3,12,10.2,4,Bam Adebayo
26,28,26,12/12/2022,25-147,MIA,@,IND,W (+5),1,35:18:00,8,18,0.444,0,0,H,6,7,0.857,2,15,17,3,3,2,1,4,2,22,18.1,1,Bam Adebayo
27,29,27,14/12/2022,25-149,MIA,@,OKC,W (+2),1,33:06:00,5,13,0.385,0,0,H,5,6,0.833,2,11,13,3,2,2,0,5,6,15,8.9,-14,Bam Adebayo
28,31,28,17/12/2022,25-152,MIA,@,SAS,W (+10),1,35:51:00,11,18,0.611,0,0,H,0,0,H,4,9,13,3,1,1,0,4,4,22,16.8,29,Bam Adebayo
29,32,29,20/12/2022,25-155,MIA,H,CHI,L (-10),1,36:41:00,12,15,0.8,0,0,H,3,4,0.75,3,9,12,6,0,0,0,3,1,27,26.5,-18,Bam Adebayo
30,33,30,23/12/2022,25-158,MIA,H,IND,L (-3),1,37:44:00,8,19,0.421,0,0,H,2,2,1,5,2,7,3,0,0,0,3,2,18,10.3,1,Bam Adebayo
31,35,31,28/12/2022,25-163,MIA,H,LAL,W (+14),1,39:15:00,10,16,0.625,0,0,H,3,6,0.5,5,9,14,0,3,1,2,1,4,23,20.6,24,Bam Adebayo
32,36,32,30/12/2022,25-165,MIA,@,DEN,L (-5),1,30:14:00,6,14,0.429,0,0,H,10,11,0.909,4,3,7,2,6,4,2,4,3,22,19.5,-4,Bam Adebayo
33,37,33,31/12/2022,25-166,MIA,@,UTA,W (+3),1,36:05:00,11,17,0.647,0,0,H,10,13,0.769,5,3,8,5,1,1,0,2,5,32,28.2,6,Bam Adebayo
34,38,34,02/01/2023,25-168,MIA,@,LAC,W (+10),1,36:53:00,12,19,0.632,0,0,H,7,8,0.875,5,8,13,1,2,1,1,3,2,31,26.6,11,Bam Adebayo
35,39,35,04/01/2023,25-170,MIA,@,LAL,L (-3),1,37:51:00,13,23,0.565,0,0,H,4,5,0.8,6,7,13,3,5,2,3,2,2,30,28.4,2,Bam Adebayo
36,40,36,06/01/2023,25-172,MIA,@,PHO,W (+8),1,38:15:00,10,15,0.667,0,0,H,1,4,0.25,1,10,11,2,3,2,1,1,1,21,19.7,17,Bam Adebayo
37,41,37,08/01/2023,25-174,MIA,H,BRK,L (-1),1,28:15:00,5,15,0.333,0,0,H,0,3,0,4,4,8,2,1,0,1,0,1,10,6,-25,Bam Adebayo
38,43,38,12/01/2023,25-178,MIA,H,MIL,W (+6),1,34:09:00,11,19,0.579,0,0,H,2,2,1,2,10,12,1,3,2,1,0,2,24,22.1,8,Bam Adebayo
39,44,39,14/01/2023,25-180,MIA,H,MIL,W (+16),1,30:58:00,9,19,0.474,0,0,H,2,4,0.5,3,10,13,2,2,0,2,1,3,20,15.2,18,Bam Adebayo
40,45,40,16/01/2023,25-182,MIA,@,ATL,L (-8),1,36:10:00,9,19,0.474,0,0,H,2,2,1,6,7,13,5,6,3,3,3,3,20,21,6,Bam Adebayo
41,46,41,18/01/2023,25-184,MIA,@,NOP,W (+26),1,30:34:00,11,15,0.733,0,0,H,4,6,0.667,3,5,8,1,3,2,1,2,2,26,23.3,16,Bam Adebayo
42,47,42,20/01/2023,25-186,MIA,@,DAL,L (-25),1,34:49:00,7,14,0.5,0,0,H,4,6,0.667,2,9,11,4,0,0,0,2,2,18,14.3,-18,Bam Adebayo
43,48,43,22/01/2023,25-188,MIA,H,NOP,W (+4),1,34:35:00,7,12,0.583,0,0,H,4,4,1,3,6,9,2,2,2,0,2,1,18,17.3,-2,Bam Adebayo
44,49,44,24/01/2023,25-190,MIA,H,BOS,W (+3),1,37:20:00,12,22,0.545,0,0,H,6,8,0.75,4,11,15,1,3,2,1,3,2,30,24.3,3,Bam Adebayo
45,50,45,27/01/2023,25-193,MIA,H,ORL,W (+5),1,36:32:00,7,14,0.5,0,0,H,6,7,0.857,0,6,6,7,2,1,1,2,5,20,17,4,Bam Adebayo
46,51,46,29/01/2023,25-195,MIA,@,CHO,L (-5),1,35:58:00,8,15,0.533,0,0,H,1,4,0.25,2,2,4,6,3,3,0,2,0,17,15.7,5,Bam Adebayo
47,52,47,31/01/2023,25-197,MIA,@,CLE,W (+3),1,37:13:00,7,13,0.538,0,0,H,4,6,0.667,4,7,11,1,0,0,0,0,3,18,15.3,-6,Bam Adebayo
48,53,48,02/02/2023,25-199,MIA,@,NYK,L (-2),1,37:37:00,11,16,0.688,0,0,H,10,11,0.909,1,8,9,3,3,2,1,0,1,32,32.3,5,Bam Adebayo
49,54,49,04/02/2023,25-201,MIA,@,MIL,L (-8),1,35:44:00,7,15,0.467,0,0,H,2,2,1,4,7,11,8,2,2,0,1,3,16,18.6,0,Bam Adebayo
50,55,50,08/02/2023,25-205,MIA,H,IND,W (+5),1,36:54:00,12,16,0.75,0,0,H,14,14,1,2,7,9,3,1,1,0,2,2,38,35.4,2,Bam Adebayo
51,56,51,10/02/2023,25-207,MIA,H,HOU,W (+2),1,33:58:00,7,11,0.636,0,0,H,6,7,0.857,1,8,9,3,3,2,1,3,5,20,17.6,21,Bam Adebayo
52,57,52,11/02/2023,25-208,MIA,@,ORL,W (+4),1,43:23:00,5,10,0.5,0,1,0,3,4,0.75,1,16,17,6,3,2,1,4,2,13,15.2,13,Bam Adebayo
53,58,53,13/02/2023,25-210,MIA,H,DEN,L (-4),1,34:26:00,6,14,0.429,0,0,H,7,7,1,0,2,2,2,3,2,1,1,2,19,14.5,-6,Bam Adebayo
54,59,54,15/02/2023,25-212,MIA,@,BRK,L (-11),1,37:48:00,10,19,0.526,0,0,H,4,7,0.571,2,11,13,6,2,0,2,2,2,24,21,-17,Bam Adebayo
55,60,55,24/02/2023,25-221,MIA,@,MIL,L (-29),1,25:02:00,8,17,0.471,0,1,0,2,4,0.5,1,6,7,1,1,1,0,2,1,18,10.3,-18,Bam Adebayo
56,61,56,25/02/2023,25-222,MIA,@,CHO,L (-5),1,31:17:00,6,14,0.429,0,0,H,2,3,0.667,2,4,6,4,2,2,0,2,5,14,9.6,-15,Bam Adebayo
57,62,57,27/02/2023,25-224,MIA,@,PHI,W (+2),1,32:14:00,4,14,0.286,0,0,H,5,6,0.833,2,5,7,2,2,1,1,5,3,13,4.2,-7,Bam Adebayo
58,63,58,01/03/2023,25-226,MIA,H,PHI,L (-23),1,29:55:00,8,13,0.615,0,0,H,4,4,1,2,6,8,2,1,1,0,2,0,20,17.7,-17,Bam Adebayo
59,64,59,03/03/2023,25-228,MIA,H,NYK,L (-2),1,38:30:00,7,16,0.438,0,0,H,4,4,1,0,4,4,4,3,1,2,2,4,18,12.4,4,Bam Adebayo
60,65,60,04/03/2023,25-229,MIA,H,ATL,W (+8),1,35:32:00,10,12,0.833,0,0,H,10,12,0.833,3,8,11,5,3,1,2,2,3,30,32,16,Bam Adebayo
61,66,61,06/03/2023,25-231,MIA,H,ATL,W (+2),1,36:05:00,5,9,0.556,0,0,H,6,6,1,0,6,6,5,4,3,1,2,4,16,17.1,-1,Bam Adebayo
62,67,62,08/03/2023,25-233,MIA,H,CLE,L (-4),1,28:42:00,8,11,0.727,0,0,H,1,2,0.5,1,0,1,1,2,0,2,3,5,17,9.9,-4,Bam Adebayo
63,68,63,10/03/2023,25-235,MIA,H,CLE,W (+4),1,37:19:00,8,12,0.667,0,0,H,3,4,0.75,0,6,6,4,3,3,0,4,5,19,15,4,Bam Adebayo
64,69,64,11/03/2023,25-236,MIA,@,ORL,L (-12),1,42:02:00,7,17,0.412,0,0,H,0,0,H,1,6,7,3,0,0,0,4,3,14,4.3,-10,Bam Adebayo
65,70,65,13/03/2023,25-238,MIA,H,UTA,W (+4),1,36:56:00,5,10,0.5,0,0,H,6,8,0.75,2,7,9,3,2,1,1,3,2,16,13.7,5,Bam Adebayo
66,71,66,15/03/2023,25-240,MIA,H,MEM,W (+19),1,33:11:00,10,15,0.667,0,0,H,6,8,0.75,2,6,8,3,3,0,3,3,3,26,21.9,20,Bam Adebayo
67,72,67,18/03/2023,25-243,MIA,@,CHI,L (-14),1,34:00:00,9,17,0.529,0,0,H,5,8,0.625,4,3,7,4,2,2,0,3,3,23,17.8,3,Bam Adebayo
68,73,68,19/03/2023,25-244,MIA,@,DET,W (+12),1,39:29:00,7,12,0.583,0,0,H,8,9,0.889,1,9,10,5,3,0,3,3,2,22,21.2,12,Bam Adebayo
69,74,69,22/03/2023,25-247,MIA,H,NYK,W (+7),1,39:30:00,5,11,0.455,0,0,H,5,6,0.833,2,5,7,3,2,1,1,3,3,15,11.4,0,Bam Adebayo
70,75,70,25/03/2023,25-250,MIA,H,BRK,L (-29),1,34:37:00,8,14,0.571,0,0,H,0,0,H,4,3,7,2,2,1,1,4,3,16,11,-24,Bam Adebayo
71,76,71,28/03/2023,25-253,MIA,@,TOR,L (-14),1,36:32:00,7,18,0.389,0,0,H,7,8,0.875,5,7,12,4,1,1,0,0,2,21,19.4,-6,Bam Adebayo
72,1,1,19/10/2022,24-181,CLE,@,TOR,L (-3),1,33:52:00,5,8,0.625,0,0,H,3,4,0.75,5,5,10,0,2,0,2,1,2,13,13.6,2,Jarrett Allen
73,2,2,22/10/2022,24-184,CLE,@,CHI,W (+32),1,28:36:00,4,6,0.667,0,0,H,0,0,H,3,3,6,2,1,0,1,2,2,8,7.7,5,Jarrett Allen
74,3,3,23/10/2022,24-185,CLE,H,WAS,W (+10),1,37:31:00,6,13,0.462,0,0,H,3,4,0.75,6,8,14,3,2,0,2,0,2,15,17.2,-1,Jarrett Allen
75,4,4,26/10/2022,24-188,CLE,H,ORL,W (+11),1,29:39:00,7,11,0.636,0,0,H,4,5,0.8,7,9,16,1,2,1,1,1,5,18,19.7,11,Jarrett Allen
76,5,5,28/10/2022,24-190,CLE,@,BOS,W (+9),1,39:39:00,5,9,0.556,0,1,0,2,4,0.5,3,8,11,2,0,0,0,0,2,12,12,25,Jarrett Allen
77,6,6,30/10/2022,24-192,CLE,H,NYK,W (+13),1,25:49:00,3,8,0.375,0,1,0,0,0,H,3,10,13,1,0,0,0,2,0,6,5.4,5,Jarrett Allen
78,7,7,02/11/2022,24-195,CLE,H,BOS,W (+1),1,36:23:00,6,11,0.545,0,0,H,2,2,1,3,11,14,0,2,0,2,3,2,14,11.7,-17,Jarrett Allen
79,8,8,04/11/2022,24-197,CLE,@,DET,W (+24),1,31:31:00,11,16,0.688,0,0,H,1,2,0.5,2,5,7,0,2,0,2,4,2,23,15.3,20,Jarrett Allen
80,9,9,06/11/2022,24-199,CLE,@,LAL,W (+14),1,27:45:00,5,13,0.385,0,0,H,6,6,1,3,8,11,0,4,2,2,1,4,16,14.2,5,Jarrett Allen
81,10,10,07/11/2022,24-200,CLE,@,LAC,L (-2),1,32:52:00,4,10,0.4,0,0,H,2,3,0.667,4,16,20,3,4,2,2,0,0,10,17.3,3,Jarrett Allen
82,11,11,09/11/2022,24-202,CLE,@,SAC,L (-7),1,32:50:00,7,11,0.636,0,0,H,6,7,0.857,2,5,7,1,1,0,1,1,4,20,16.4,-13,Jarrett Allen
83,12,12,11/11/2022,24-204,CLE,@,GSW,L (-5),1,33:11:00,6,8,0.75,0,0,H,1,2,0.5,1,8,9,1,0,0,0,2,2,13,10.4,0,Jarrett Allen
84,15,13,18/11/2022,24-211,CLE,H,CHO,W (+10),1,45:36:00,8,11,0.727,0,0,H,4,5,0.8,1,11,12,2,4,0,4,2,3,20,20.1,6,Jarrett Allen
85,16,14,20/11/2022,24-213,CLE,H,MIA,W (+26),1,27:09:00,4,6,0.667,0,0,H,0,0,H,1,5,6,2,0,0,0,3,3,8,4.8,13,Jarrett Allen
86,17,15,21/11/2022,24-214,CLE,H,ATL,W (+12),1,33:10:00,3,5,0.6,0,0,H,2,2,1,0,11,11,1,3,2,1,1,0,8,11.4,11,Jarrett Allen
87,18,16,23/11/2022,24-216,CLE,H,POR,W (+18),1,36:04:00,10,12,0.833,0,0,H,4,4,1,5,8,13,2,1,1,0,6,3,24,20.7,19,Jarrett Allen
88,19,17,25/11/2022,24-218,CLE,@,MIL,L (-15),1,12:04,0,2,0,0,0,H,1,2,0.5,1,2,3,1,2,1,1,0,2,1,2.1,4,Jarrett Allen
89,25,18,06/12/2022,24-229,CLE,H,LAL,W (+14),1,38:25:00,11,14,0.786,0,0,H,2,4,0.5,3,8,11,1,4,3,1,2,2,24,23.9,21,Jarrett Allen
90,26,19,09/12/2022,24-232,CLE,H,SAC,L (-11),1,32:03:00,2,5,0.4,0,1,0,5,6,0.833,4,4,8,1,2,0,2,5,5,9,5,-10,Jarrett Allen
91,27,20,10/12/2022,24-233,CLE,H,OKC,W (+8),1,36:44:00,7,9,0.778,0,0,H,7,13,0.538,6,5,11,1,2,1,1,1,4,21,20.6,6,Jarrett Allen
92,28,21,12/12/2022,24-235,CLE,@,SAS,L (-1),1,36:08:00,7,11,0.636,0,0,H,2,2,1,3,4,7,3,4,1,3,0,2,16,18.8,1,Jarrett Allen
93,29,22,14/12/2022,24-237,CLE,@,DAL,W (+15),1,35:53:00,6,7,0.857,0,0,H,2,2,1,0,6,6,3,2,2,0,0,3,14,16.2,20,Jarrett Allen
94,30,23,16/12/2022,24-239,CLE,H,IND,W (+6),1,38:48:00,2,3,0.667,0,0,H,3,4,0.75,2,3,5,2,0,0,0,0,2,7,8.2,6,Jarrett Allen
95,31,24,17/12/2022,24-240,CLE,H,DAL,W (+1),1,39:30:00,3,7,0.429,0,0,H,2,6,0.333,4,11,15,1,2,0,2,0,1,8,10.5,-9,Jarrett Allen
96,32,25,19/12/2022,24-242,CLE,H,UTA,W (+23),1,30:05:00,7,11,0.636,0,0,H,6,6,1,2,9,11,2,5,2,3,3,3,20,20.5,18,Jarrett Allen
97,33,26,21/12/2022,24-244,CLE,H,MIL,W (+8),1,39:46:00,8,10,0.8,0,0,H,3,4,0.75,4,4,8,3,1,1,0,1,1,19,20.5,16,Jarrett Allen
98,34,27,23/12/2022,24-246,CLE,H,TOR,L (-11),1,30:32:00,5,6,0.833,0,0,H,1,2,0.5,1,6,7,1,1,1,0,0,2,11,11.8,-12,Jarrett Allen
99,35,28,26/12/2022,24-249,CLE,H,BRK,L (-8),1,31:59:00,2,5,0.4,0,1,0,6,8,0.75,4,7,11,1,2,1,1,2,0,10,11.8,-14,Jarrett Allen
100,36,29,29/12/2022,24-252,CLE,@,IND,L (-9),1,37:34:00,8,11,0.727,0,0,H,3,4,0.75,4,10,14,1,2,1,1,1,2,19,20.5,1,Jarrett Allen
101,37,30,31/12/2022,24-254,CLE,@,CHI,W (+1),1,34:52:00,3,9,0.333,0,0,H,0,2,0,4,6,10,2,4,2,2,2,1,6,7.1,-3,Jarrett Allen
102,38,31,02/01/2023,24-256,CLE,H,CHI,W (+11),1,38:35:00,9,10,0.9,0,0,H,3,6,0.5,6,2,8,2,1,0,1,1,4,21,20.7,11,Jarrett Allen
103,39,32,04/01/2023,24-258,CLE,H,PHO,W (+2),1,32:38:00,1,3,0.333,0,1,0,0,0,H,0,8,8,0,2,1,1,1,1,2,3,5,Jarrett Allen
104,40,33,06/01/2023,24-260,CLE,@,DEN,L (-13),1,35:35:00,4,11,0.364,0,1,0,5,8,0.625,7,2,9,1,2,1,1,1,2,13,11.8,-18,Jarrett Allen
105,41,34,08/01/2023,24-262,CLE,@,PHO,W (+14),1,28:49:00,6,7,0.857,0,0,H,1,2,0.5,2,10,12,5,3,1,2,0,0,13,20.4,4,Jarrett Allen
106,42,35,10/01/2023,24-264,CLE,@,UTA,L (-2),1,06:45,0,0,H,0,0,H,0,0,H,0,0,0,1,0,0,0,0,2,0,-0.1,4,Jarrett Allen
107,43,36,12/01/2023,24-266,CLE,@,POR,W (+6),1,38:45:00,11,17,0.647,0,1,0,2,2,1,2,8,10,6,1,1,0,0,3,24,24.3,7,Jarrett Allen
108,44,37,14/01/2023,24-268,CLE,@,MIN,L (-8),1,34:10:00,8,10,0.8,0,0,H,3,3,1,2,6,8,2,2,0,2,3,3,19,17,-4,Jarrett Allen
109,45,38,16/01/2023,24-270,CLE,H,NOP,W (+10),1,37:04:00,9,12,0.75,0,0,H,6,6,1,7,4,11,5,3,2,1,1,2,24,29.7,14,Jarrett Allen
110,46,39,18/01/2023,24-272,CLE,@,MEM,L (-1),1,36:13:00,6,9,0.667,0,0,H,2,5,0.4,5,3,8,0,2,0,2,2,4,14,11.1,9,Jarrett Allen
111,47,40,20/01/2023,24-274,CLE,H,GSW,L (-6),1,31:14:00,4,7,0.571,0,0,H,0,0,H,3,5,8,2,3,0,3,1,3,8,9.6,-13,Jarrett Allen
112,48,41,21/01/2023,24-275,CLE,H,MIL,W (+12),1,27:20:00,6,10,0.6,0,0,H,0,0,H,1,5,6,2,3,2,1,2,3,12,10.5,-1,Jarrett Allen
113,49,42,24/01/2023,24-278,CLE,@,NYK,L (-2),1,38:47:00,12,17,0.706,0,0,H,0,0,H,1,11,12,1,1,0,1,2,1,24,19.9,15,Jarrett Allen
114,50,43,26/01/2023,24-280,CLE,@,HOU,W (+18),1,34:36:00,6,10,0.6,0,0,H,2,2,1,1,9,10,1,3,3,0,1,2,14,14.7,23,Jarrett Allen
115,51,44,27/01/2023,24-281,CLE,@,OKC,L (-12),1,35:36:00,6,8,0.75,0,0,H,1,2,0.5,5,4,9,0,1,0,1,0,1,13,14.4,-10,Jarrett Allen
116,52,45,29/01/2023,24-283,CLE,H,LAC,W (+23),1,25:47:00,6,10,0.6,1,1,1,2,3,0.667,2,6,8,3,2,2,0,5,2,15,11.5,27,Jarrett Allen
117,53,46,31/01/2023,24-285,CLE,H,MIA,L (-3),1,34:04:00,6,8,0.75,0,0,H,2,3,0.667,1,10,11,0,3,2,1,2,2,14,14,-17,Jarrett Allen
118,54,47,02/02/2023,24-287,CLE,H,MEM,W (+15),1,37:57:00,9,12,0.75,0,0,H,0,0,H,3,8,11,4,4,2,2,3,2,18,20.1,20,Jarrett Allen
119,55,48,05/02/2023,24-290,CLE,@,IND,W (+19),1,29:44:00,9,11,0.818,0,0,H,0,0,H,3,10,13,0,1,0,1,2,3,18,16.5,9,Jarrett Allen
120,56,49,06/02/2023,24-291,CLE,@,WAS,W (+23),1,37:23:00,10,13,0.769,0,0,H,3,4,0.75,1,7,8,3,2,0,2,2,1,23,21.4,24,Jarrett Allen
121,57,50,08/02/2023,24-293,CLE,H,DET,W (+28),1,29:48:00,9,13,0.692,0,0,H,2,5,0.4,9,7,16,1,1,0,1,2,1,20,20.7,18,Jarrett Allen
122,58,51,10/02/2023,24-295,CLE,@,NOP,W (+11),1,30:39:00,8,11,0.727,0,0,H,4,4,1,6,5,11,4,2,0,2,2,5,20,21.4,11,Jarrett Allen
123,59,52,11/02/2023,24-296,CLE,H,CHI,W (+8),1,33:10:00,10,13,0.769,0,0,H,3,5,0.6,4,6,10,0,1,0,1,2,3,23,19.2,3,Jarrett Allen
124,60,53,13/02/2023,24-298,CLE,H,SAS,W (+8),1,38:50:00,7,11,0.636,0,0,H,3,3,1,5,6,11,0,5,2,3,0,3,17,20.3,11,Jarrett Allen
125,61,54,15/02/2023,24-300,CLE,@,PHI,L (-6),1,38:04:00,5,6,0.833,0,0,H,2,2,1,5,2,7,4,0,0,0,0,3,12,15.5,-7,Jarrett Allen
126,62,55,23/02/2023,24-308,CLE,H,DEN,L (-6),1,29:53:00,6,10,0.6,0,0,H,2,2,1,5,8,13,2,1,1,0,1,3,14,15.5,-6,Jarrett Allen
127,63,56,24/02/2023,24-309,CLE,@,ATL,L (-17),1,29:28:00,4,8,0.5,0,0,H,6,6,1,3,6,9,0,2,0,2,0,2,14,14.5,-23,Jarrett Allen
128,64,57,26/02/2023,24-311,CLE,H,TOR,W (+25),1,32:47:00,10,13,0.769,0,1,0,3,3,1,3,8,11,1,0,0,0,2,0,23,21.1,19,Jarrett Allen
129,65,58,01/03/2023,24-314,CLE,@,BOS,L (-4),1,39:28:00,2,5,0.4,0,0,H,1,2,0.5,2,5,7,1,5,3,2,0,1,5,9.5,-3,Jarrett Allen
130,66,59,04/03/2023,24-317,CLE,H,DET,W (+24),1,25:47:00,6,9,0.667,0,0,H,3,5,0.6,1,4,5,0,2,2,0,1,3,15,12,24,Jarrett Allen
131,67,60,06/03/2023,24-319,CLE,H,BOS,W (+4),1,25:38:00,2,5,0.4,0,0,H,0,0,H,0,6,6,3,0,0,0,0,3,4,4,-8,Jarrett Allen
132,68,61,08/03/2023,24-321,CLE,@,MIA,W (+4),1,32:45:00,7,10,0.7,0,0,H,1,2,0.5,3,9,12,2,2,1,1,1,4,15,15.7,5,Jarrett Allen
133,69,62,10/03/2023,24-323,CLE,@,MIA,L (-4),1,34:11:00,2,5,0.4,0,0,H,2,2,1,4,9,13,4,5,1,4,1,1,6,14,8,Jarrett Allen
134,74,63,21/03/2023,24-334,CLE,@,BRK,W (+6),1,35:05:00,5,11,0.455,0,0,H,2,3,0.667,8,6,14,1,2,0,2,1,5,12,12.4,1,Jarrett Allen
135,75,64,23/03/2023,24-336,CLE,@,BRK,W (+2),1,29:34:00,5,9,0.556,0,0,H,2,2,1,5,5,10,2,2,1,1,2,3,12,12.6,1,Jarrett Allen
136,76,65,26/03/2023,24-339,CLE,H,HOU,W (+17),1,35:41:00,8,11,0.727,0,0,H,8,8,1,6,8,14,2,4,1,3,0,1,24,30.2,19,Jarrett Allen
137,1,1,18/10/2022,25-359,BOS,H,PHI,W (+9),1,38:34:00,14,24,0.583,4,12,0.333,3,3,1,0,3,3,2,3,2,1,4,1,35,24.4,7,Jaylen Brown
138,2,2,21/10/2022,25-362,BOS,@,MIA,W (+7),1,34:01:00,12,18,0.667,2,3,0.667,2,2,1,1,3,4,3,4,2,2,3,5,28,22.3,-4,Jaylen Brown
139,3,3,22/10/2022,25-363,BOS,@,ORL,W (+6),1,37:30:00,4,16,0.25,1,6,0.167,3,4,0.75,1,8,9,4,2,1,1,2,1,12,7.2,14,Jaylen Brown
140,4,4,24/10/2022,26-000,BOS,@,CHI,L (-18),1,35:23:00,8,23,0.348,2,7,0.286,3,4,0.75,3,3,6,2,2,0,2,1,4,21,10.9,-10,Jaylen Brown
141,5,5,28/10/2022,26-004,BOS,H,CLE,L (-9),1,42:48:00,11,22,0.5,2,7,0.286,8,12,0.667,0,8,8,4,2,2,0,6,3,32,19.4,-21,Jaylen Brown
142,6,6,30/10/2022,26-006,BOS,H,WAS,W (+18),1,29:58:00,7,18,0.389,4,9,0.444,6,6,1,0,10,10,2,0,0,0,2,1,24,16.2,13,Jaylen Brown
143,7,7,02/11/2022,26-009,BOS,@,CLE,L (-1),1,44:36:00,10,26,0.385,3,10,0.3,7,7,1,2,6,8,4,1,1,0,3,5,30,17.8,7,Jaylen Brown
144,8,8,04/11/2022,26-011,BOS,H,CHI,W (+4),1,33:50:00,6,14,0.429,0,3,0,4,5,0.8,1,4,5,2,0,0,0,3,2,16,7.7,-13,Jaylen Brown
145,9,9,05/11/2022,26-012,BOS,@,NYK,W (+15),1,37:19:00,10,19,0.526,6,11,0.545,4,4,1,2,3,5,3,0,0,0,1,5,30,22.1,-5,Jaylen Brown
146,10,10,07/11/2022,26-014,BOS,@,MEM,W (+3),1,38:16:00,8,20,0.4,1,6,0.167,4,5,0.8,0,9,9,2,1,1,0,7,4,21,6.3,-6,Jaylen Brown
147,11,11,09/11/2022,26-016,BOS,H,DET,W (+16),1,30:01:00,11,19,0.579,2,6,0.333,6,7,0.857,2,5,7,3,1,1,0,0,0,30,26.7,25,Jaylen Brown
148,12,12,11/11/2022,26-018,BOS,H,DEN,W (+19),1,34:47:00,11,15,0.733,3,4,0.75,0,0,H,0,8,8,8,0,0,0,3,3,25,22.7,8,Jaylen Brown
149,14,13,14/11/2022,26-021,BOS,H,OKC,W (+4),1,41:04:00,11,21,0.524,0,5,0,4,6,0.667,0,6,6,6,2,2,0,5,4,26,16.3,6,Jaylen Brown
150,15,14,16/11/2022,26-023,BOS,@,ATL,W (+25),1,23:11,10,17,0.588,1,6,0.167,1,2,0.5,0,5,5,0,2,2,0,3,4,22,12.6,10,Jaylen Brown
151,16,15,18/11/2022,26-025,BOS,@,NOP,W (+8),1,36:49:00,10,20,0.5,3,6,0.5,4,5,0.8,3,7,10,7,2,2,0,7,2,27,19.9,5,Jaylen Brown
152,17,16,21/11/2022,26-028,BOS,@,CHI,L (-14),1,38:03:00,9,20,0.45,4,10,0.4,3,5,0.6,0,7,7,2,0,0,0,5,1,25,11.9,-8,Jaylen Brown
153,18,17,23/11/2022,26-030,BOS,H,DAL,W (+13),1,35:41:00,13,18,0.722,2,3,0.667,3,4,0.75,0,4,4,4,2,2,0,2,2,31,26.4,14,Jaylen Brown
154,19,18,25/11/2022,26-032,BOS,H,SAC,W (+18),1,26:41:00,9,16,0.563,1,4,0.25,6,6,1,0,5,5,4,2,2,0,1,4,25,21.1,5,Jaylen Brown
155,20,19,27/11/2022,26-034,BOS,H,WAS,W (+9),1,34:13:00,13,23,0.565,2,7,0.286,8,8,1,2,3,5,2,0,0,0,2,3,36,25.6,26,Jaylen Brown
156,22,20,30/11/2022,26-037,BOS,H,MIA,W (+13),1,28:04:00,10,18,0.556,1,6,0.167,5,6,0.833,3,4,7,5,0,0,0,6,4,26,16.2,8,Jaylen Brown
157,23,21,02/12/2022,26-039,BOS,H,MIA,L (-4),1,45:37:00,12,23,0.522,5,11,0.455,8,9,0.889,0,14,14,5,0,0,0,5,2,37,27.2,7,Jaylen Brown
158,24,22,04/12/2022,26-041,BOS,@,BRK,W (+11),1,40:14:00,10,20,0.5,5,9,0.556,9,11,0.818,2,8,10,2,6,2,4,0,2,34,32.4,16,Jaylen Brown
159,25,23,05/12/2022,26-042,BOS,@,TOR,W (+6),1,39:01:00,9,22,0.409,1,6,0.167,3,4,0.75,0,8,8,8,0,0,0,0,1,22,17.4,6,Jaylen Brown
160,26,24,07/12/2022,26-044,BOS,@,PHO,W (+27),1,28:06:00,9,24,0.375,2,8,0.25,5,5,1,3,4,7,3,2,2,0,1,0,25,18.2,27,Jaylen Brown
161,27,25,10/12/2022,26-047,BOS,@,GSW,L (-16),1,37:13:00,13,23,0.565,3,9,0.333,2,2,1,1,8,9,3,1,1,0,2,3,31,23.1,-9,Jaylen Brown
162,28,26,12/12/2022,26-049,BOS,@,LAC,L (-20),1,29:41:00,9,15,0.6,1,6,0.167,2,6,0.333,0,4,4,2,2,2,0,2,4,21,13.5,-26,Jaylen Brown
163,29,27,13/12/2022,26-050,BOS,@,LAL,W (+4),1,42:44:00,10,21,0.476,3,7,0.429,2,4,0.5,2,13,15,5,3,3,0,4,4,25,19.7,10,Jaylen Brown
164,30,28,16/12/2022,26-053,BOS,H,ORL,L (-8),1,36:38:00,7,17,0.412,4,10,0.4,8,10,0.8,0,4,4,3,3,1,2,7,3,26,13.6,0,Jaylen Brown
165,31,29,18/12/2022,26-055,BOS,H,ORL,L (-3),1,38:52:00,10,25,0.4,2,10,0.2,2,2,1,3,11,14,2,5,3,2,5,3,24,15.5,2,Jaylen Brown
166,32,30,21/12/2022,26-058,BOS,H,IND,L (-5),1,36:13:00,8,23,0.348,1,5,0.2,2,2,1,4,6,10,2,1,1,0,4,1,19,8.7,-6,Jaylen Brown
167,33,31,23/12/2022,26-060,BOS,H,MIN,W (+12),1,36:54:00,13,29,0.448,3,13,0.231,7,10,0.7,3,4,7,3,2,1,1,2,3,36,23.6,8,Jaylen Brown
168,34,32,25/12/2022,26-062,BOS,H,MIL,W (+21),1,37:27:00,11,19,0.579,5,9,0.556,2,6,0.333,0,5,5,4,1,1,0,4,3,29,18.6,11,Jaylen Brown
169,35,33,27/12/2022,26-064,BOS,H,HOU,W (+24),1,34:49:00,14,26,0.538,6,15,0.4,5,5,1,0,1,1,2,3,3,0,2,1,39,28.7,21,Jaylen Brown
170,36,34,29/12/2022,26-066,BOS,H,LAC,W (+6),1,32:39:00,12,25,0.48,0,8,0,5,5,1,2,5,7,2,0,0,0,3,5,29,15.6,5,Jaylen Brown
171,37,35,01/01/2023,26-069,BOS,@,DEN,L (-12),1,34:13:00,12,20,0.6,4,8,0.5,2,2,1,2,6,8,3,1,1,0,0,3,30,25.9,-7,Jaylen Brown
172,38,36,03/01/2023,26-071,BOS,@,OKC,L (-33),1,25:18:00,11,18,0.611,2,7,0.286,5,9,0.556,0,1,1,2,0,0,0,1,3,29,18.7,-28,Jaylen Brown
173,39,37,05/01/2023,26-073,BOS,@,DAL,W (+29),1,29:38:00,6,12,0.5,2,5,0.4,5,6,0.833,1,6,7,3,2,0,2,2,4,19,15,12,Jaylen Brown
174,40,38,07/01/2023,26-075,BOS,@,SAS,W (+5),1,38:46:00,12,26,0.462,2,7,0.286,3,6,0.5,1,3,4,2,4,2,2,6,4,29,13.2,3,Jaylen Brown
175,41,39,09/01/2023,26-077,BOS,H,CHI,W (+8),1,38:35:00,7,21,0.333,0,8,0,5,5,1,1,4,5,3,1,0,1,4,0,19,7.8,20,Jaylen Brown
176,42,40,11/01/2023,26-079,BOS,H,NOP,W (+11),1,34:46:00,15,21,0.714,3,6,0.5,8,9,0.889,4,8,12,0,1,0,1,2,3,41,34.6,18,Jaylen Brown
177,46,41,19/01/2023,26-087,BOS,H,GSW,W (+3),1,41:26:00,6,18,0.333,1,4,0.25,3,6,0.5,1,8,9,3,1,1,0,2,5,16,6.8,-6,Jaylen Brown
178,47,42,21/01/2023,26-089,BOS,@,TOR,W (+2),1,41:50:00,10,23,0.435,4,8,0.5,3,3,1,2,6,8,6,3,3,0,5,0,27,20.3,-4,Jaylen Brown
179,48,43,23/01/2023,26-091,BOS,@,ORL,L (-15),1,36:57:00,10,22,0.455,5,11,0.455,1,2,0.5,2,3,5,3,1,1,0,5,1,26,14.2,-20,Jaylen Brown
180,50,44,26/01/2023,26-094,BOS,H,NYK,L (-3),1,41:32:00,8,22,0.364,1,8,0.125,5,7,0.714,2,7,9,2,1,1,0,3,2,22,11.1,3,Jaylen Brown
181,51,45,28/01/2023,26-096,BOS,H,LAL,W (+4),1,38:37:00,13,23,0.565,2,9,0.222,9,11,0.818,1,8,9,3,2,1,1,3,5,37,27.2,2,Jaylen Brown
182,52,46,01/02/2023,26-100,BOS,H,BRK,W (+43),1,31:51:00,8,16,0.5,7,12,0.583,3,5,0.6,0,3,3,3,0,0,0,2,0,26,18.2,35,Jaylen Brown
183,53,47,03/02/2023,26-102,BOS,H,PHO,L (-12),1,39:11:00,9,21,0.429,3,12,0.25,6,9,0.667,0,8,8,4,3,3,0,2,3,27,19.7,-5,Jaylen Brown
184,55,48,08/02/2023,26-107,BOS,H,PHI,W (+7),1,17:41,2,9,0.222,0,4,0,0,0,H,0,2,2,3,0,0,0,2,2,4,-1.6,-2,Jaylen Brown
185,60,49,23/02/2023,26-122,BOS,@,IND,W (+4),1,42:31:00,11,24,0.458,3,5,0.6,5,7,0.714,5,6,11,3,1,1,0,3,5,30,20.2,10,Jaylen Brown
186,61,50,25/02/2023,26-124,BOS,@,PHI,W (+3),1,36:57:00,10,21,0.476,2,4,0.5,4,5,0.8,1,3,4,3,3,3,0,4,3,26,16.4,-6,Jaylen Brown
187,63,51,01/03/2023,26-128,BOS,H,CLE,W (+4),1,37:20:00,6,15,0.4,2,5,0.4,2,2,1,0,3,3,4,0,0,0,2,3,16,8.4,2,Jaylen Brown
188,64,52,03/03/2023,26-130,BOS,H,BRK,L (-10),1,43:00:00,15,27,0.556,3,8,0.375,2,5,0.4,0,5,5,4,4,3,1,3,0,35,25.9,-11,Jaylen Brown
189,65,53,05/03/2023,26-132,BOS,H,NYK,L (-2),1,47:23:00,12,25,0.48,2,5,0.4,3,3,1,2,6,8,1,5,4,1,3,2,29,21.1,8,Jaylen Brown
190,66,54,06/03/2023,26-133,BOS,@,CLE,L (-4),1,45:06:00,12,26,0.462,1,7,0.143,7,10,0.7,2,11,13,9,1,0,1,4,5,32,23.1,-1,Jaylen Brown
191,67,55,08/03/2023,26-135,BOS,H,POR,W (+22),1,25:14:00,4,10,0.4,0,3,0,3,3,1,0,3,3,3,1,1,0,2,2,11,6.8,7,Jaylen Brown
192,68,56,11/03/2023,26-138,BOS,@,ATL,W (+9),1,37:45:00,10,18,0.556,1,5,0.2,3,4,0.75,0,5,5,7,2,2,0,1,3,24,21.2,3,Jaylen Brown
193,69,57,13/03/2023,26-140,BOS,@,HOU,L (-2),1,39:11:00,16,25,0.64,4,10,0.4,7,8,0.875,1,4,5,2,2,1,1,2,1,43,34.1,3,Jaylen Brown
194,70,58,15/03/2023,26-142,BOS,@,MIN,W (+2),1,36:32:00,12,24,0.5,5,8,0.625,6,8,0.75,3,7,10,1,1,1,0,2,2,35,25.3,3,Jaylen Brown
195,71,59,17/03/2023,26-144,BOS,@,POR,W (+14),1,36:32:00,12,23,0.522,2,6,0.333,1,3,0.333,3,3,6,5,2,2,0,4,5,27,17.4,9,Jaylen Brown
196,72,60,18/03/2023,26-145,BOS,@,UTA,L (-1),1,35:07:00,9,19,0.474,4,9,0.444,3,4,0.75,0,4,4,6,0,0,0,0,2,25,19.5,-8,Jaylen Brown
197,73,61,21/03/2023,26-148,BOS,@,SAC,W (+23),1,34:02:00,10,16,0.625,4,7,0.571,3,3,1,0,5,5,4,0,0,0,1,2,27,22.3,20,Jaylen Brown
198,74,62,24/03/2023,26-151,BOS,H,IND,W (+25),1,33:22:00,10,23,0.435,3,6,0.5,4,6,0.667,1,6,7,4,0,0,0,3,2,27,15.6,11,Jaylen Brown
199,75,63,26/03/2023,26-153,BOS,H,SAS,W (+44),1,36:15:00,18,29,0.621,2,10,0.2,3,5,0.6,1,12,13,3,1,1,0,5,1,41,29.1,28,Jaylen Brown
200,76,64,28/03/2023,26-155,BOS,@,WAS,L (-19),1,26:42:00,9,19,0.474,0,4,0,0,0,H,1,2,3,4,1,1,0,4,1,18,9,-24,Jaylen Brown
201,15,1,15/11/2022,23-061,MEM,@,NOP,L (-11),1,25:02:00,3,14,0.214,0,7,0,1,2,0.5,2,4,6,0,5,0,5,2,1,7,1.7,-6,Jaren Jackson Jr.
202,16,2,18/11/2022,23-064,MEM,H,OKC,W (+11),1,24:54:00,7,16,0.438,3,6,0.5,8,11,0.727,5,7,12,0,5,2,3,2,2,25,22.3,9,Jaren Jackson Jr.
203,18,3,22/11/2022,23-068,MEM,H,SAC,L (-4),1,27:28:00,8,14,0.571,1,5,0.2,5,7,0.714,0,3,3,1,7,2,5,0,4,22,20.1,15,Jaren Jackson Jr.
204,19,4,25/11/2022,23-071,MEM,H,NOP,W (+21),1,21:48,6,7,0.857,2,3,0.667,6,7,0.857,0,4,4,0,4,1,3,1,4,20,18.8,18,Jaren Jackson Jr.
205,20,5,27/11/2022,23-073,MEM,@,NYK,W (+4),1,30:18:00,8,19,0.421,3,8,0.375,2,2,1,2,3,5,0,1,1,0,0,2,21,13.4,0,Jaren Jackson Jr.
206,21,6,30/11/2022,23-076,MEM,@,MIN,L (-8),1,24:47:00,5,10,0.5,1,4,0.25,5,6,0.833,4,7,11,0,2,0,2,4,5,16,10.9,-4,Jaren Jackson Jr.
207,22,7,02/12/2022,23-078,MEM,H,PHI,W (+8),1,26:12:00,7,12,0.583,2,5,0.4,6,7,0.857,3,6,9,0,5,1,4,3,5,22,18.7,-2,Jaren Jackson Jr.
208,23,8,04/12/2022,23-080,MEM,@,DET,W (+10),1,29:49:00,7,13,0.538,2,4,0.5,6,7,0.857,3,0,3,0,1,0,1,2,2,22,15.3,5,Jaren Jackson Jr.
209,25,9,07/12/2022,23-083,MEM,H,OKC,W (+21),1,25:45:00,5,9,0.556,2,4,0.5,0,0,H,0,3,3,1,7,2,5,1,2,12,13,12,Jaren Jackson Jr.
210,26,10,09/12/2022,23-085,MEM,H,DET,W (+11),1,29:37:00,8,12,0.667,3,5,0.6,1,4,0.25,1,4,5,0,6,2,4,2,3,20,17.1,7,Jaren Jackson Jr.
211,27,11,12/12/2022,23-088,MEM,H,ATL,W (+25),1,23:36,6,11,0.545,1,4,0.25,2,2,1,0,7,7,2,8,0,8,2,2,15,16,25,Jaren Jackson Jr.
212,28,12,15/12/2022,23-091,MEM,H,MIL,W (+41),1,12:53,1,2,0.5,1,1,1,1,2,0.5,1,5,6,2,0,0,0,0,4,4,4.6,16,Jaren Jackson Jr.
213,29,13,17/12/2022,23-093,MEM,@,OKC,L (-6),1,28:24:00,3,8,0.375,2,6,0.333,8,10,0.8,3,5,8,1,0,0,0,1,1,16,13.7,-3,Jaren Jackson Jr.
214,30,14,20/12/2022,23-096,MEM,@,DEN,L (-14),1,21:45,3,6,0.5,1,3,0.333,1,2,0.5,0,2,2,1,8,3,5,1,5,8,9.4,-13,Jaren Jackson Jr.
215,31,15,23/12/2022,23-099,MEM,@,PHO,W (+25),1,27:49:00,9,17,0.529,1,4,0.25,5,6,0.833,3,7,10,1,3,1,2,0,1,24,22.2,22,Jaren Jackson Jr.
216,32,16,25/12/2022,23-101,MEM,@,GSW,L (-14),1,20:39,5,7,0.714,1,2,0.5,0,0,H,1,1,2,0,3,1,2,1,5,11,8.5,-3,Jaren Jackson Jr.
217,33,17,27/12/2022,23-103,MEM,H,PHO,L (-17),1,26:04:00,2,12,0.167,0,4,0,2,2,1,4,4,8,1,5,2,3,3,2,6,3.4,0,Jaren Jackson Jr.
218,34,18,29/12/2022,23-105,MEM,@,TOR,W (+13),1,29:05:00,7,15,0.467,1,3,0.333,0,0,H,3,2,5,3,2,0,2,2,1,15,11.1,6,Jaren Jackson Jr.
219,35,19,31/12/2022,23-107,MEM,H,NOP,W (+15),1,30:15:00,7,13,0.538,1,4,0.25,2,2,1,2,4,6,2,9,3,6,4,4,17,16.3,22,Jaren Jackson Jr.
220,36,20,01/01/2023,23-108,MEM,H,SAC,W (+10),1,28:57:00,5,11,0.455,2,4,0.5,2,3,0.667,2,5,7,2,3,0,3,0,3,14,13.1,7,Jaren Jackson Jr.
221,37,21,04/01/2023,23-111,MEM,@,CHO,W (+24),1,24:05:00,6,10,0.6,1,3,0.333,4,5,0.8,1,7,8,1,3,0,3,1,3,17,15.4,12,Jaren Jackson Jr.
222,38,22,05/01/2023,23-112,MEM,@,ORL,W (+8),1,31:58:00,12,14,0.857,2,3,0.667,5,7,0.714,2,8,10,1,4,1,3,2,3,31,29.6,22,Jaren Jackson Jr.
223,39,23,08/01/2023,23-115,MEM,H,UTA,W (+5),1,28:32:00,8,17,0.471,2,5,0.4,1,2,0.5,3,5,8,0,8,3,5,2,6,19,15.6,-5,Jaren Jackson Jr.
224,40,24,09/01/2023,23-116,MEM,H,SAS,W (+8),1,30:13:00,5,10,0.5,2,4,0.5,4,6,0.667,2,4,6,2,5,0,5,2,2,16,14.9,-4,Jaren Jackson Jr.
225,41,25,11/01/2023,23-118,MEM,H,SAS,W (+6),1,27:00:00,6,10,0.6,1,2,0.5,8,9,0.889,2,10,12,1,2,0,2,0,5,21,20.5,-4,Jaren Jackson Jr.
226,42,26,14/01/2023,23-121,MEM,@,IND,W (+18),1,21:54,4,5,0.8,1,1,1,0,0,H,0,10,10,3,3,1,2,2,3,9,11.4,32,Jaren Jackson Jr.
227,43,27,16/01/2023,23-123,MEM,H,PHO,W (+30),1,25:35:00,5,11,0.455,1,4,0.25,7,8,0.875,2,6,8,1,8,2,6,1,0,18,21,30,Jaren Jackson Jr.
228,44,28,18/01/2023,23-125,MEM,H,CLE,W (+1),1,28:29:00,5,13,0.385,2,6,0.333,3,4,0.75,2,5,7,1,6,2,4,0,5,15,13.9,9,Jaren Jackson Jr.
229,45,29,20/01/2023,23-127,MEM,@,LAL,L (-1),1,33:01:00,3,8,0.375,1,4,0.25,5,6,0.833,1,5,6,0,5,1,4,3,5,12,8.2,-4,Jaren Jackson Jr.
230,46,30,22/01/2023,23-129,MEM,@,PHO,L (-2),1,22:43,3,6,0.5,2,3,0.667,0,0,H,1,3,4,0,3,0,3,4,4,8,3.1,1,Jaren Jackson Jr.
231,47,31,23/01/2023,23-130,MEM,@,SAC,L (-33),1,28:15:00,7,18,0.389,3,6,0.5,2,2,1,2,3,5,2,2,1,1,1,4,19,12,-7,Jaren Jackson Jr.
232,48,32,25/01/2023,23-132,MEM,@,GSW,L (-2),1,27:52:00,4,11,0.364,2,3,0.667,7,8,0.875,3,3,6,0,0,0,0,1,6,17,10.1,7,Jaren Jackson Jr.
233,49,33,27/01/2023,23-134,MEM,@,MIN,L (-11),1,28:13:00,5,17,0.294,0,5,0,4,5,0.8,3,4,7,0,4,2,2,2,4,14,6.8,-3,Jaren Jackson Jr.
234,50,34,29/01/2023,23-136,MEM,H,IND,W (+12),1,38:07:00,12,19,0.632,3,8,0.375,1,2,0.5,2,6,8,1,6,1,5,1,4,28,24.9,19,Jaren Jackson Jr.
235,51,35,01/02/2023,23-139,MEM,H,POR,L (-10),1,33:45:00,9,14,0.643,0,3,0,0,0,H,0,7,7,0,6,0,6,0,3,18,16.9,2,Jaren Jackson Jr.
236,53,36,05/02/2023,23-143,MEM,H,TOR,L (-3),1,31:58:00,7,17,0.412,0,6,0,4,7,0.571,1,7,8,0,4,0,4,3,3,18,9.1,1,Jaren Jackson Jr.
237,54,37,07/02/2023,23-145,MEM,H,CHI,W (+15),1,31:58:00,9,13,0.692,2,5,0.4,4,5,0.8,0,3,3,1,7,2,5,1,5,24,22.2,15,Jaren Jackson Jr.
238,55,38,10/02/2023,23-148,MEM,H,MIN,W (+21),1,27:57:00,6,13,0.462,1,5,0.2,2,2,1,0,6,6,1,5,1,4,2,2,15,11.8,24,Jaren Jackson Jr.
239,56,39,12/02/2023,23-150,MEM,@,BOS,L (-10),1,20:24,6,9,0.667,2,2,1,1,2,0.5,1,6,7,3,1,1,0,3,6,15,10.9,7,Jaren Jackson Jr.
240,57,40,15/02/2023,23-153,MEM,H,UTA,W (+6),1,31:06:00,8,19,0.421,4,10,0.4,6,7,0.857,2,7,9,0,9,5,4,1,4,26,24.2,2,Jaren Jackson Jr.
241,58,41,23/02/2023,23-161,MEM,@,PHI,L (-5),1,32:58:00,5,16,0.313,1,7,0.143,7,7,1,2,7,9,1,5,1,4,0,3,18,15.6,-9,Jaren Jackson Jr.
242,59,42,25/02/2023,23-163,MEM,H,DEN,W (+18),1,20:55,2,7,0.286,1,3,0.333,2,2,1,0,3,3,0,2,1,1,2,4,7,1.9,14,Jaren Jackson Jr.
243,60,43,28/02/2023,23-166,MEM,H,LAL,W (+12),1,31:34:00,7,14,0.5,1,4,0.25,1,1,1,3,4,7,0,5,1,4,2,5,16,12.1,-2,Jaren Jackson Jr.
244,61,44,01/03/2023,23-167,MEM,@,HOU,W (+14),1,28:35:00,6,12,0.5,2,7,0.286,3,3,1,1,3,4,0,5,0,5,1,4,17,13.5,25,Jaren Jackson Jr.
245,62,45,03/03/2023,23-169,MEM,@,DEN,L (-16),1,30:48:00,6,13,0.462,0,3,0,3,5,0.6,1,5,6,1,3,0,3,1,4,15,9.9,3,Jaren Jackson Jr.
246,63,46,05/03/2023,23-171,MEM,@,LAC,L (-6),1,34:47:00,8,18,0.444,2,5,0.4,6,7,0.857,1,4,5,2,4,2,2,2,5,24,16.9,-5,Jaren Jackson Jr.
247,64,47,07/03/2023,23-173,MEM,@,LAL,L (-9),1,31:09:00,8,15,0.533,2,6,0.333,8,11,0.727,0,8,8,0,3,1,2,0,5,26,20.3,-5,Jaren Jackson Jr.
248,65,48,09/03/2023,23-175,MEM,H,GSW,W (+21),1,32:16:00,6,13,0.462,3,4,0.75,6,7,0.857,2,7,9,3,2,1,1,2,4,21,17.6,27,Jaren Jackson Jr.
249,66,49,11/03/2023,23-177,MEM,H,DAL,W (+4),1,33:16:00,3,12,0.25,0,5,0,8,9,0.889,1,6,7,0,2,0,2,1,3,14,8.1,3,Jaren Jackson Jr.
250,67,50,13/03/2023,23-179,MEM,@,DAL,W (+16),1,23:54,2,8,0.25,1,4,0.25,2,2,1,0,5,5,0,1,1,0,3,4,7,0.1,8,Jaren Jackson Jr.
251,68,51,15/03/2023,23-181,MEM,@,MIA,L (-19),1,28:10:00,10,15,0.667,4,7,0.571,1,3,0.333,3,6,9,1,3,2,1,1,2,25,23.2,-23,Jaren Jackson Jr.
252,69,52,17/03/2023,23-183,MEM,@,SAS,W (+6),1,42:47:00,12,20,0.6,0,3,0,4,7,0.571,3,2,5,1,5,1,4,5,5,28,17.8,10,Jaren Jackson Jr.
253,70,53,18/03/2023,23-184,MEM,H,GSW,W (+14),1,29:09:00,12,22,0.545,3,9,0.333,4,5,0.8,1,6,7,3,4,0,4,0,3,31,26.2,13,Jaren Jackson Jr.
254,71,54,20/03/2023,23-186,MEM,H,DAL,W (+4),1,23:10,10,16,0.625,1,2,0.5,7,10,0.7,3,1,4,1,1,0,1,0,5,28,21.4,-2,Jaren Jackson Jr.
255,72,55,22/03/2023,23-188,MEM,H,HOU,W (+5),1,35:21:00,14,20,0.7,1,5,0.2,8,11,0.727,3,7,10,2,3,1,2,4,4,37,29.8,4,Jaren Jackson Jr.
256,73,56,24/03/2023,23-190,MEM,H,HOU,W (+37),1,25:33:00,5,13,0.385,0,4,0,8,9,0.889,1,6,7,2,4,2,2,2,3,18,14.6,20,Jaren Jackson Jr.
257,74,57,26/03/2023,23-192,MEM,@,ATL,W (+4),1,34:19:00,6,10,0.6,1,2,0.5,2,2,1,1,7,8,0,8,3,5,4,3,15,14.5,-3,Jaren Jackson Jr.
258,75,58,28/03/2023,23-194,MEM,H,ORL,W (+5),1,25:35:00,7,11,0.636,2,2,1,0,1,0,2,8,10,0,3,0,3,3,6,16,11.2,3,Jaren Jackson Jr.
259,77,59,31/03/2023,23-197,MEM,H,LAC,W (+14),1,25:49:00,4,10,0.4,0,2,0,1,2,0.5,2,6,8,0,5,2,3,2,4,9,6.9,H,Jaren Jackson Jr.
260,1,1,20/10/2022,34-202,MIL,@,PHI,W (+2),1,30:56:00,6,16,0.375,4,12,0.333,1,2,0.5,1,3,4,1,2,0,2,0,2,17,10.7,0,Robin Lopez
261,2,2,22/10/2022,34-204,MIL,H,HOU,W (+20),1,28:47:00,3,7,0.429,3,6,0.5,0,0,H,0,5,5,2,7,2,5,1,3,9,11.5,4,Robin Lopez
262,3,3,26/10/2022,34-208,MIL,H,BRK,W (+11),1,27:51:00,3,10,0.3,1,5,0.2,0,0,H,3,3,6,1,6,0,6,2,2,7,6.3,21,Robin Lopez
263,4,4,28/10/2022,34-210,MIL,H,NYK,W (+11),1,33:25:00,5,13,0.385,0,6,0,4,4,1,4,7,11,2,4,1,3,0,4,14,14.7,1,Robin Lopez
264,5,5,29/10/2022,34-211,MIL,H,ATL,W (+8),1,34:00:00,8,12,0.667,5,8,0.625,0,0,H,1,5,6,0,3,1,2,1,2,21,18.6,16,Robin Lopez
265,6,6,31/10/2022,34-213,MIL,H,DET,W (+2),1,34:25:00,10,16,0.625,2,5,0.4,2,2,1,4,5,9,0,2,0,2,1,4,24,19.9,12,Robin Lopez
266,7,7,02/11/2022,34-215,MIL,H,DET,W (+25),1,27:02:00,5,8,0.625,0,2,0,1,1,1,2,5,7,2,2,1,1,3,1,11,10,29,Robin Lopez
267,8,8,04/11/2022,34-217,MIL,@,MIN,W (+13),1,32:42:00,2,6,0.333,2,4,0.5,1,2,0.5,3,5,8,0,1,0,1,2,4,7,3.9,-2,Robin Lopez
268,9,9,05/11/2022,34-218,MIL,H,OKC,W (+14),1,23:42,10,16,0.625,4,9,0.444,1,1,1,2,1,3,1,2,1,1,3,3,25,17.7,13,Robin Lopez
269,10,10,07/11/2022,34-220,MIL,@,ATL,L (-19),1,27:50:00,4,9,0.444,3,7,0.429,0,0,H,1,1,2,0,2,0,2,1,2,11,6.9,-18,Robin Lopez
270,11,11,09/11/2022,34-222,MIL,@,OKC,W (+4),1,45:39:00,11,23,0.478,1,6,0.167,1,2,0.5,4,9,13,1,6,1,5,1,0,24,21.6,10,Robin Lopez
271,12,12,11/11/2022,34-224,MIL,@,SAS,L (-18),1,29:33:00,6,14,0.429,3,7,0.429,4,5,0.8,1,2,3,2,3,1,2,5,4,19,9.7,-17,Robin Lopez
272,13,13,14/11/2022,34-227,MIL,H,ATL,L (-15),1,33:06:00,3,8,0.375,0,4,0,6,7,0.857,1,4,5,1,0,0,0,1,2,12,8,-3,Robin Lopez
273,14,14,16/11/2022,34-229,MIL,H,CLE,W (+15),1,30:20:00,10,13,0.769,7,9,0.778,2,2,1,1,4,5,1,4,1,3,1,2,29,27.8,22,Robin Lopez
274,15,15,18/11/2022,34-231,MIL,@,PHI,L (-8),1,34:23:00,5,12,0.417,2,5,0.4,3,4,0.75,1,3,4,2,5,1,4,0,2,15,14.2,-5,Robin Lopez
275,16,16,21/11/2022,34-234,MIL,H,POR,W (+8),1,30:22:00,6,12,0.5,2,5,0.4,0,0,H,2,2,4,2,6,1,5,1,1,14,14.5,-2,Robin Lopez
276,17,17,23/11/2022,34-236,MIL,H,CHI,L (-5),1,31:59:00,8,16,0.5,3,7,0.429,1,3,0.333,1,6,7,0,2,1,1,0,0,20,15.4,-6,Robin Lopez
277,18,18,25/11/2022,34-238,MIL,H,CLE,W (+15),1,27:32:00,3,3,1,2,2,1,0,0,H,0,4,4,0,6,0,6,0,0,8,12.5,20,Robin Lopez
278,19,19,27/11/2022,34-240,MIL,H,DAL,W (+9),1,23:25,5,7,0.714,2,3,0.667,1,1,1,0,4,4,2,5,1,4,2,5,13,12.5,-1,Robin Lopez
279,20,20,30/11/2022,34-243,MIL,@,NYK,W (+6),1,34:17:00,2,8,0.25,1,5,0.2,4,4,1,0,6,6,1,2,0,2,0,1,9,7.7,1,Robin Lopez
280,21,21,02/12/2022,34-245,MIL,H,LAL,L (-4),1,31:42:00,4,7,0.571,3,5,0.6,2,2,1,2,5,7,1,3,0,3,1,1,13,14,-6,Robin Lopez
281,22,22,03/12/2022,34-246,MIL,@,CHO,W (+9),1,32:09:00,4,11,0.364,3,5,0.6,3,3,1,1,5,6,3,6,0,6,3,4,14,11.8,6,Robin Lopez
282,24,23,07/12/2022,34-250,MIL,H,SAC,W (+13),1,34:02:00,6,15,0.4,2,7,0.286,3,3,1,6,3,9,3,1,0,1,0,3,17,15.6,16,Robin Lopez
283,25,24,09/12/2022,34-252,MIL,@,DAL,W (+1),1,29:04:00,1,4,0.25,0,1,0,2,2,1,0,6,6,0,3,0,3,1,2,4,3.7,-6,Robin Lopez
284,26,25,11/12/2022,34-254,MIL,@,HOU,L (-5),1,32:42:00,2,8,0.25,1,4,0.25,2,2,1,2,1,3,0,3,0,3,1,2,7,4.2,5,Robin Lopez
285,27,26,13/12/2022,34-256,MIL,H,GSW,W (+17),1,28:20:00,3,5,0.6,1,2,0.5,0,0,H,0,7,7,2,2,0,2,1,4,7,7,19,Robin Lopez
286,28,27,15/12/2022,34-258,MIL,@,MEM,L (-41),1,18:06,1,6,0.167,0,4,0,2,2,1,2,1,3,1,0,0,0,0,2,4,1.8,-23,Robin Lopez
287,29,28,17/12/2022,34-260,MIL,H,UTA,W (+26),1,25:52:00,8,15,0.533,1,3,0.333,1,3,0.333,3,5,8,1,3,0,3,1,0,18,15.3,11,Robin Lopez
288,30,29,19/12/2022,34-262,MIL,@,NOP,W (+9),1,35:14:00,12,17,0.706,4,9,0.444,2,2,1,3,5,8,3,1,0,1,2,4,30,25.7,8,Robin Lopez
289,31,30,21/12/2022,34-264,MIL,@,CLE,L (-8),1,27:42:00,5,7,0.714,2,3,0.667,2,3,0.667,2,4,6,2,3,2,1,5,3,14,11.2,-13,Robin Lopez
290,32,31,23/12/2022,34-266,MIL,@,BRK,L (-18),1,30:28:00,10,16,0.625,2,5,0.4,1,2,0.5,2,3,5,0,1,1,0,1,1,23,17.3,-27,Robin Lopez
291,33,32,25/12/2022,34-268,MIL,@,BOS,L (-21),1,31:54:00,7,8,0.875,1,2,0.5,1,2,0.5,3,2,5,1,2,1,1,2,1,16,15.5,-3,Robin Lopez
292,34,33,28/12/2022,34-271,MIL,@,CHI,L (-6),1,37:23:00,5,12,0.417,0,4,0,4,5,0.8,2,4,6,1,5,1,4,1,4,14,11.7,-9,Robin Lopez
293,35,34,30/12/2022,34-273,MIL,H,MIN,W (+9),1,26:22:00,5,11,0.455,0,3,0,3,4,0.75,2,4,6,0,4,0,4,3,6,13,6.9,6,Robin Lopez
294,36,35,01/01/2023,34-275,MIL,H,WAS,L (-23),1,23:30,3,10,0.3,1,3,0.333,1,1,1,4,6,10,0,2,1,1,2,2,8,5.7,-21,Robin Lopez
295,37,36,03/01/2023,34-277,MIL,H,WAS,W (+10),1,27:46:00,10,13,0.769,1,2,0.5,0,0,H,6,6,12,3,7,1,6,1,3,21,27,-7,Robin Lopez
296,38,37,04/01/2023,34-278,MIL,@,TOR,W (+3),1,38:13:00,4,11,0.364,1,3,0.333,0,1,0,3,16,19,2,2,0,2,2,5,9,8.2,17,Robin Lopez
297,39,38,06/01/2023,34-280,MIL,H,CHO,L (-29),1,18:57,3,5,0.6,1,3,0.333,2,2,1,3,1,4,1,0,0,0,0,1,9,9.4,-11,Robin Lopez
298,40,39,09/01/2023,34-283,MIL,@,NYK,W (+4),1,32:38:00,7,16,0.438,3,9,0.333,0,1,0,4,3,7,2,4,1,3,3,3,17,12.2,-3,Robin Lopez
299,41,40,11/01/2023,34-285,MIL,@,ATL,W (+9),1,32:10:00,8,13,0.615,4,6,0.667,0,1,0,4,8,12,1,3,1,2,1,2,20,20.2,4,Robin Lopez
300,42,41,12/01/2023,34-286,MIL,@,MIA,L (-6),1,31:31:00,2,12,0.167,2,7,0.286,0,0,H,1,2,3,2,1,1,0,0,1,6,1.7,-7,Robin Lopez
301,43,42,14/01/2023,34-288,MIL,@,MIA,L (-16),1,33:23:00,5,10,0.5,3,5,0.6,0,0,H,1,3,4,1,2,0,2,2,4,13,8.1,-13,Robin Lopez
302,44,43,16/01/2023,34-290,MIL,H,IND,W (+13),1,33:37:00,8,11,0.727,3,5,0.6,0,0,H,2,4,6,1,1,0,1,2,1,19,16.1,12,Robin Lopez
303,45,44,17/01/2023,34-291,MIL,H,TOR,W (+8),1,29:22:00,7,12,0.583,3,5,0.6,2,2,1,0,1,1,1,2,0,2,1,3,19,13.6,9,Robin Lopez
304,46,45,21/01/2023,34-295,MIL,@,CLE,L (-12),1,34:26:00,5,14,0.357,0,6,0,0,0,H,0,5,5,0,4,0,4,3,4,10,1.9,4,Robin Lopez
305,47,46,23/01/2023,34-297,MIL,@,DET,W (+20),1,24:02:00,8,12,0.667,2,6,0.333,3,4,0.75,1,3,4,1,2,0,2,0,1,21,18.7,15,Robin Lopez
306,48,47,25/01/2023,34-299,MIL,H,DEN,W (+8),1,32:00:00,2,11,0.182,0,3,0,1,1,1,1,3,4,2,4,0,4,1,3,5,1.7,14,Robin Lopez
307,49,48,27/01/2023,34-301,MIL,@,IND,W (+10),1,24:29:00,5,8,0.625,3,6,0.5,2,2,1,1,5,6,2,2,1,1,3,4,15,12.1,12,Robin Lopez
308,50,49,29/01/2023,34-303,MIL,H,NOP,W (+25),1,31:57:00,6,12,0.5,0,4,0,3,4,0.75,2,6,8,3,3,1,2,1,2,15,14.5,26,Robin Lopez
309,51,50,31/01/2023,34-305,MIL,H,CHO,W (+9),1,27:30:00,3,10,0.3,0,3,0,2,2,1,0,11,11,2,5,0,5,2,6,8,6,7,Robin Lopez
310,52,51,02/02/2023,34-307,MIL,H,LAC,W (+1),1,23:22,3,5,0.6,0,2,0,0,0,H,2,3,5,0,0,0,0,1,2,6,4.2,-32,Robin Lopez
311,53,52,04/02/2023,34-309,MIL,H,MIA,W (+8),1,33:21:00,4,11,0.364,0,3,0,1,4,0.25,2,4,6,0,3,0,3,0,4,9,4.8,6,Robin Lopez
312,54,53,06/02/2023,34-311,MIL,@,POR,W (+19),1,31:38:00,9,12,0.75,2,5,0.4,7,9,0.778,1,8,9,0,1,1,0,0,3,27,24.3,17,Robin Lopez
313,55,54,09/02/2023,34-314,MIL,@,LAL,W (+9),1,32:34:00,3,8,0.375,1,3,0.333,2,2,1,6,4,10,3,3,0,3,1,3,9,12,13,Robin Lopez
314,56,55,10/02/2023,34-315,MIL,@,LAC,W (+13),1,32:18:00,9,13,0.692,4,6,0.667,0,0,H,2,13,15,1,4,1,3,1,1,22,24.2,22,Robin Lopez
315,57,56,14/02/2023,34-319,MIL,H,BOS,W (+6),1,24:53:00,0,3,0,0,3,0,4,4,1,1,1,2,1,0,0,0,3,3,4,-0.6,-5,Robin Lopez
316,58,57,16/02/2023,34-321,MIL,@,CHI,W (+12),1,33:12:00,13,18,0.722,3,6,0.5,4,7,0.571,2,5,7,2,4,0,4,0,3,33,30.3,28,Robin Lopez
317,59,58,24/02/2023,34-329,MIL,H,MIA,W (+29),1,27:04:00,7,12,0.583,1,2,0.5,2,2,1,3,4,7,1,0,0,0,2,4,17,11.8,20,Robin Lopez
318,60,59,26/02/2023,34-331,MIL,H,PHO,W (+3),1,35:34:00,9,17,0.529,2,8,0.25,2,4,0.5,2,11,13,0,4,0,4,1,0,22,19.4,8,Robin Lopez
319,61,60,28/02/2023,34-333,MIL,@,BRK,W (+14),1,28:22:00,6,13,0.462,1,4,0.25,0,0,H,4,6,10,1,2,0,2,1,2,13,11.2,-6,Robin Lopez
320,62,61,01/03/2023,34-334,MIL,H,ORL,W (+22),1,27:04:00,6,9,0.667,4,5,0.8,2,3,0.667,1,2,3,2,1,1,0,2,1,18,15,25,Robin Lopez
321,63,62,04/03/2023,34-337,MIL,H,PHI,L (-3),1,33:15:00,10,16,0.625,3,5,0.6,3,4,0.75,2,4,6,4,1,0,1,1,4,26,21.9,11,Robin Lopez
322,64,63,05/03/2023,34-338,MIL,@,WAS,W (+6),1,27:19:00,6,14,0.429,3,6,0.5,0,1,0,1,5,6,1,4,1,3,2,3,15,10,-9,Robin Lopez
323,65,64,07/03/2023,34-340,MIL,@,ORL,W (+11),1,34:06:00,9,14,0.643,0,1,0,8,9,0.889,2,4,6,1,4,1,3,5,3,26,19.6,15,Robin Lopez
324,66,65,09/03/2023,34-342,MIL,H,BRK,W (+5),1,35:58:00,10,20,0.5,3,7,0.429,1,2,0.5,5,5,10,3,10,1,9,2,3,24,24.8,-1,Robin Lopez
325,67,66,11/03/2023,34-344,MIL,@,GSW,L (-9),1,38:14:00,8,16,0.5,1,6,0.167,2,2,1,1,6,7,1,6,1,5,2,1,19,16.3,-12,Robin Lopez
326,68,67,13/03/2023,34-346,MIL,@,SAC,W (+9),1,36:35:00,9,14,0.643,4,6,0.667,1,2,0.5,1,7,8,4,3,0,3,1,4,23,21.5,21,Robin Lopez
327,69,68,14/03/2023,34-347,MIL,@,PHO,W (+12),1,34:07:00,10,14,0.714,1,5,0.2,0,1,0,2,8,10,1,3,2,1,0,2,21,21.2,12,Robin Lopez
328,71,69,19/03/2023,34-352,MIL,H,TOR,W (+7),1,31:30:00,9,15,0.6,1,6,0.167,7,7,1,1,4,5,2,3,1,2,1,3,26,22.6,11,Robin Lopez
329,72,70,22/03/2023,34-355,MIL,H,SAS,W (+36),1,24:53:00,3,6,0.5,1,3,0.333,4,4,1,0,2,2,0,2,0,2,2,5,11,6,17,Robin Lopez
330,73,71,24/03/2023,34-357,MIL,@,UTA,W (+28),1,26:27:00,8,15,0.533,1,3,0.333,0,0,H,3,11,14,2,7,0,7,1,3,17,19.2,36,Robin Lopez
331,74,72,25/03/2023,34-358,MIL,@,DEN,L (-23),1,19:10,5,9,0.556,1,4,0.25,2,2,1,1,1,2,1,1,0,1,0,4,13,9.5,-7,Robin Lopez
332,75,73,27/03/2023,34-360,MIL,@,DET,W (+9),1,34:31:00,8,11,0.727,0,1,0,8,10,0.8,5,9,14,2,3,1,2,1,3,24,26.5,12,Robin Lopez
333,1,1,19/10/2022,21-123,CLE,@,TOR,L (-3),1,35:35:00,5,9,0.556,1,3,0.333,3,4,0.75,0,6,6,1,2,1,1,3,1,14,10.1,-14,Evan Mobley
334,2,2,22/10/2022,21-126,CLE,@,CHI,W (+32),1,24:46:00,7,9,0.778,0,0,H,2,2,1,1,2,3,1,2,1,1,3,1,16,12.8,7,Evan Mobley
335,3,3,23/10/2022,21-127,CLE,H,WAS,W (+10),1,36:35:00,2,7,0.286,0,0,H,6,6,1,2,5,7,2,3,2,1,2,3,10,9.7,-3,Evan Mobley
336,4,4,26/10/2022,21-130,CLE,H,ORL,W (+11),1,34:26:00,9,15,0.6,0,0,H,2,4,0.5,0,3,3,3,2,1,1,3,4,20,12.4,3,Evan Mobley
337,5,5,28/10/2022,21-132,CLE,@,BOS,W (+9),1,41:59:00,7,12,0.583,1,3,0.333,4,6,0.667,3,7,10,3,3,1,2,2,4,19,17.7,2,Evan Mobley
338,6,6,30/10/2022,21-134,CLE,H,NYK,W (+13),1,34:15:00,6,13,0.462,0,2,0,4,4,1,2,5,7,3,2,1,1,2,5,16,12,18,Evan Mobley
339,7,7,02/11/2022,21-137,CLE,H,BOS,W (+1),1,32:00:00,7,8,0.875,0,1,0,1,2,0.5,2,5,7,2,0,0,0,3,3,15,11.9,15,Evan Mobley
340,8,8,04/11/2022,21-139,CLE,@,DET,W (+24),1,30:12:00,5,14,0.357,0,1,0,1,2,0.5,2,6,8,2,8,0,8,1,0,11,12,0,Evan Mobley
341,9,9,06/11/2022,21-141,CLE,@,LAL,W (+14),1,30:27:00,2,7,0.286,0,1,0,1,2,0.5,2,5,7,3,3,2,1,1,3,5,6,1,Evan Mobley
342,10,10,07/11/2022,21-142,CLE,@,LAC,L (-2),1,33:41:00,12,18,0.667,0,0,H,2,2,1,3,5,8,1,0,0,0,3,6,26,17.1,-20,Evan Mobley
343,11,11,09/11/2022,21-144,CLE,@,SAC,L (-7),1,35:45:00,7,10,0.7,0,0,H,2,3,0.667,1,5,6,0,1,1,0,2,3,16,11.4,-1,Evan Mobley
344,12,12,11/11/2022,21-146,CLE,@,GSW,L (-5),1,38:45:00,8,15,0.533,0,0,H,4,5,0.8,8,5,13,4,2,0,2,3,3,20,19.4,1,Evan Mobley
345,13,13,13/11/2022,21-148,CLE,H,MIN,L (-5),1,32:12:00,1,4,0.25,0,0,H,2,6,0.333,5,8,13,3,2,2,0,3,4,4,5.4,-14,Evan Mobley
346,14,14,16/11/2022,21-151,CLE,@,MIL,L (-15),1,31:09:00,9,14,0.643,0,0,H,2,4,0.5,3,4,7,2,3,1,2,0,3,20,18.9,-13,Evan Mobley
347,15,15,18/11/2022,21-153,CLE,H,CHO,W (+10),1,45:26:00,9,14,0.643,0,1,0,3,4,0.75,5,13,18,5,3,1,2,1,4,21,25.1,15,Evan Mobley
348,16,16,20/11/2022,21-155,CLE,H,MIA,W (+26),1,30:00:00,7,12,0.583,0,0,H,1,2,0.5,4,6,10,5,1,1,0,3,2,15,14.3,15,Evan Mobley
349,17,17,21/11/2022,21-156,CLE,H,ATL,W (+12),1,35:33:00,4,6,0.667,0,0,H,2,2,1,2,7,9,3,2,1,1,4,2,10,9.9,5,Evan Mobley
350,18,18,23/11/2022,21-158,CLE,H,POR,W (+18),1,35:06:00,4,10,0.4,0,0,H,2,4,0.5,4,8,12,3,3,0,3,2,2,10,10.4,0,Evan Mobley
351,19,19,25/11/2022,21-160,CLE,@,MIL,L (-15),1,29:05:00,2,12,0.167,0,1,0,4,4,1,1,7,8,0,3,3,0,2,0,8,4.2,-16,Evan Mobley
352,20,20,27/11/2022,21-162,CLE,@,DET,W (+8),1,39:38:00,8,12,0.667,2,2,1,2,5,0.4,6,7,13,1,1,0,1,3,3,20,17.1,4,Evan Mobley
353,21,21,28/11/2022,21-163,CLE,@,TOR,L (-12),1,32:30:00,7,14,0.5,0,4,0,4,6,0.667,3,12,15,1,3,1,2,1,1,18,17.6,-8,Evan Mobley
354,22,22,30/11/2022,21-165,CLE,H,PHI,W (+28),1,23:47,8,10,0.8,0,1,0,0,0,H,0,8,8,3,1,0,1,1,4,16,14.8,23,Evan Mobley
355,23,23,02/12/2022,21-167,CLE,H,ORL,W (+11),1,38:21:00,9,10,0.9,1,1,1,0,0,H,4,9,13,4,3,1,2,2,3,19,23.1,15,Evan Mobley
356,24,24,04/12/2022,21-169,CLE,@,NYK,L (-11),1,39:00:00,4,9,0.444,0,1,0,3,5,0.6,5,5,10,3,4,0,4,1,1,11,14,1,Evan Mobley
357,25,25,06/12/2022,21-171,CLE,H,LAL,W (+14),1,29:46:00,3,6,0.5,0,1,0,1,2,0.5,3,9,12,2,2,1,1,0,5,7,9.5,14,Evan Mobley
358,26,26,09/12/2022,21-174,CLE,H,SAC,L (-11),1,40:36:00,5,13,0.385,0,3,0,7,9,0.778,2,5,7,4,1,1,0,4,3,17,10.6,-4,Evan Mobley
359,27,27,10/12/2022,21-175,CLE,H,OKC,W (+8),1,36:50:00,8,14,0.571,2,3,0.667,3,5,0.6,3,9,12,3,0,0,0,2,4,21,16.9,9,Evan Mobley
360,28,28,12/12/2022,21-177,CLE,@,SAS,L (-1),1,37:47:00,7,12,0.583,0,0,H,3,4,0.75,4,9,13,4,1,0,1,3,2,17,16.2,2,Evan Mobley
361,29,29,14/12/2022,21-179,CLE,@,DAL,W (+15),1,35:00:00,5,9,0.556,0,1,0,4,4,1,2,5,7,6,1,0,1,1,5,14,14.5,11,Evan Mobley
362,30,30,16/12/2022,21-181,CLE,H,IND,W (+6),1,31:06:00,6,10,0.6,1,2,0.5,3,4,0.75,0,9,9,2,2,0,2,1,2,16,14.7,10,Evan Mobley
363,31,31,17/12/2022,21-182,CLE,H,DAL,W (+1),1,36:22:00,6,10,0.6,1,1,1,4,5,0.8,3,5,8,4,0,0,0,0,3,17,17.2,3,Evan Mobley
364,32,32,19/12/2022,21-184,CLE,H,UTA,W (+23),1,30:39:00,4,6,0.667,0,1,0,4,6,0.667,0,8,8,3,0,0,0,1,2,12,11.3,18,Evan Mobley
365,33,33,21/12/2022,21-186,CLE,H,MIL,W (+8),1,23:01,3,7,0.429,0,3,0,1,2,0.5,0,3,3,1,2,1,1,2,5,7,2.2,-6,Evan Mobley
366,34,34,23/12/2022,21-188,CLE,H,TOR,L (-11),1,32:17:00,5,7,0.714,0,0,H,0,0,H,1,7,8,3,1,0,1,2,0,10,10.7,-13,Evan Mobley
367,35,35,26/12/2022,21-191,CLE,H,BRK,L (-8),1,38:59:00,5,11,0.455,0,3,0,2,2,1,0,6,6,2,2,1,1,3,3,12,7,-6,Evan Mobley
368,36,36,29/12/2022,21-194,CLE,@,IND,L (-9),1,31:56:00,5,10,0.5,0,1,0,3,3,1,5,2,7,7,3,2,1,3,2,13,15.9,-18,Evan Mobley
369,39,37,04/01/2023,21-200,CLE,H,PHO,W (+2),1,31:46:00,2,9,0.222,0,0,H,2,2,1,1,7,8,1,2,2,0,4,1,6,1.6,-8,Evan Mobley
370,40,38,06/01/2023,21-202,CLE,@,DEN,L (-13),1,34:02:00,6,13,0.462,0,2,0,0,6,0,2,7,9,4,4,1,3,1,4,12,9.7,-3,Evan Mobley
371,41,39,08/01/2023,21-204,CLE,@,PHO,W (+14),1,34:26:00,7,10,0.7,0,0,H,0,0,H,0,8,8,6,1,0,1,3,0,14,14.1,13,Evan Mobley
372,42,40,10/01/2023,21-206,CLE,@,UTA,L (-2),1,37:03:00,5,8,0.625,0,0,H,2,4,0.5,1,6,7,1,5,1,4,0,6,12,12.2,-8,Evan Mobley
373,43,41,12/01/2023,21-208,CLE,@,POR,W (+6),1,24:57:00,6,12,0.5,0,1,0,5,6,0.833,5,3,8,3,2,1,1,0,4,17,17.2,6,Evan Mobley
374,44,42,14/01/2023,21-210,CLE,@,MIN,L (-8),1,31:30:00,6,11,0.545,0,2,0,7,8,0.875,2,6,8,1,0,0,0,3,3,19,13,-24,Evan Mobley
375,45,43,16/01/2023,21-212,CLE,H,NOP,W (+10),1,39:43:00,8,10,0.8,0,0,H,3,4,0.75,1,7,8,0,1,0,1,2,2,19,15.5,8,Evan Mobley
376,46,44,18/01/2023,21-214,CLE,@,MEM,L (-1),1,38:51:00,9,15,0.6,0,1,0,0,2,0,4,11,15,3,3,1,2,6,2,18,14.1,2,Evan Mobley
377,47,45,20/01/2023,21-216,CLE,H,GSW,L (-6),1,36:49:00,7,12,0.583,0,2,0,3,4,0.75,2,5,7,2,1,0,1,0,1,17,15.6,0,Evan Mobley
378,48,46,21/01/2023,21-217,CLE,H,MIL,W (+12),1,37:58:00,19,27,0.704,0,2,0,0,1,0,3,6,9,3,0,0,0,4,1,38,27.9,20,Evan Mobley
379,49,47,24/01/2023,21-220,CLE,@,NYK,L (-2),1,37:42:00,6,11,0.545,0,1,0,0,0,H,1,6,7,3,3,1,2,3,4,12,9.1,0,Evan Mobley
380,50,48,26/01/2023,21-222,CLE,@,HOU,W (+18),1,33:19:00,6,16,0.375,0,3,0,9,10,0.9,5,5,10,3,3,1,2,3,3,21,17.1,17,Evan Mobley
381,51,49,27/01/2023,21-223,CLE,@,OKC,L (-12),1,37:38:00,9,18,0.5,2,2,1,3,4,0.75,2,9,11,1,2,0,2,4,5,23,13.8,-3,Evan Mobley
382,52,50,29/01/2023,21-225,CLE,H,LAC,W (+23),1,26:47:00,4,9,0.444,1,1,1,0,0,H,0,9,9,3,4,1,3,0,4,9,10.6,36,Evan Mobley
383,53,51,31/01/2023,21-227,CLE,H,MIA,L (-3),1,38:21:00,9,15,0.6,0,2,0,1,2,0.5,1,6,7,4,2,0,2,0,3,19,17.2,16,Evan Mobley
384,54,52,02/02/2023,21-229,CLE,H,MEM,W (+15),1,33:24:00,7,17,0.412,0,2,0,3,5,0.6,4,10,14,5,3,1,2,3,3,17,14.6,1,Evan Mobley
385,55,53,05/02/2023,21-232,CLE,@,IND,W (+19),1,30:56:00,7,12,0.583,0,1,0,3,4,0.75,1,9,10,4,4,1,3,0,4,17,18.7,18,Evan Mobley
386,56,54,06/02/2023,21-233,CLE,@,WAS,W (+23),1,28:26:00,7,13,0.538,0,0,H,2,3,0.667,4,1,5,2,4,2,2,1,3,16,15,23,Evan Mobley
387,57,55,08/02/2023,21-235,CLE,H,DET,W (+28),1,32:03:00,7,14,0.5,0,0,H,5,6,0.833,3,5,8,3,0,0,0,3,1,19,13.9,21,Evan Mobley
388,58,56,10/02/2023,21-237,CLE,@,NOP,W (+11),1,36:32:00,13,18,0.722,0,0,H,2,3,0.667,3,10,13,2,5,3,2,0,3,28,29.9,18,Evan Mobley
389,59,57,11/02/2023,21-238,CLE,H,CHI,W (+8),1,35:39:00,6,13,0.462,2,4,0.5,0,0,H,1,5,6,3,2,2,0,2,4,14,10,2,Evan Mobley
390,60,58,13/02/2023,21-240,CLE,H,SAS,W (+8),1,37:42:00,5,10,0.5,0,1,0,5,8,0.625,2,7,9,1,3,1,2,3,2,15,11.6,3,Evan Mobley
391,61,59,15/02/2023,21-242,CLE,@,PHI,L (-6),1,35:30:00,9,19,0.474,0,4,0,5,7,0.714,1,8,9,1,0,0,0,2,4,23,12.7,-8,Evan Mobley
392,62,60,23/02/2023,21-250,CLE,H,DEN,L (-6),1,37:50:00,12,19,0.632,2,4,0.5,5,5,1,2,7,9,1,2,1,1,1,4,31,25.8,0,Evan Mobley
393,63,61,24/02/2023,21-251,CLE,@,ATL,L (-17),1,29:49:00,6,11,0.545,0,0,H,1,2,0.5,0,4,4,2,2,1,1,4,3,13,6.4,-8,Evan Mobley
394,64,62,26/02/2023,21-253,CLE,H,TOR,W (+25),1,33:22:00,7,14,0.5,2,6,0.333,2,4,0.5,3,6,9,4,2,1,1,2,2,18,15.8,22,Evan Mobley
395,65,63,01/03/2023,21-256,CLE,@,BOS,L (-4),1,39:11:00,6,15,0.4,0,2,0,0,2,0,2,11,13,1,1,1,0,0,3,12,8.3,-1,Evan Mobley
396,66,64,04/03/2023,21-259,CLE,H,DET,W (+24),1,29:36:00,7,14,0.5,0,1,0,2,4,0.5,3,8,11,6,5,1,4,3,1,16,17.3,28,Evan Mobley
397,67,65,06/03/2023,21-261,CLE,H,BOS,W (+4),1,41:19:00,10,14,0.714,1,4,0.25,4,7,0.571,5,12,17,1,3,0,3,3,5,25,22.9,9,Evan Mobley
398,68,66,08/03/2023,21-263,CLE,@,MIA,W (+4),1,31:52:00,5,9,0.556,0,2,0,5,6,0.833,2,4,6,6,3,1,2,3,3,15,15.3,-1,Evan Mobley
399,69,67,10/03/2023,21-265,CLE,@,MIA,L (-4),1,28:24:00,4,10,0.4,1,3,0.333,3,4,0.75,0,4,4,2,1,0,1,0,4,12,7.9,-18,Evan Mobley
400,70,68,12/03/2023,21-267,CLE,@,CHO,W (+6),1,39:07:00,6,13,0.462,0,0,H,6,11,0.545,2,7,9,3,1,1,0,0,3,18,14.7,15,Evan Mobley
401,71,69,14/03/2023,21-269,CLE,@,CHO,W (+16),1,30:45:00,10,15,0.667,0,0,H,6,6,1,1,5,6,2,2,1,1,0,2,26,24,14,Evan Mobley
402,72,70,15/03/2023,21-270,CLE,H,PHI,L (-9),1,39:13:00,5,10,0.5,0,1,0,3,7,0.429,5,7,12,5,3,1,2,1,2,13,16.1,-15,Evan Mobley
403,73,71,17/03/2023,21-272,CLE,H,WAS,W (+23),1,35:31:00,8,15,0.533,0,0,H,4,6,0.667,1,7,8,3,4,0,4,2,3,20,16.4,16,Evan Mobley
404,74,72,21/03/2023,21-276,CLE,@,BRK,W (+6),1,36:05:00,8,12,0.667,1,2,0.5,0,0,H,0,4,4,3,1,1,0,3,3,17,11.9,6,Evan Mobley
405,75,73,23/03/2023,21-278,CLE,@,BRK,W (+2),1,39:58:00,11,18,0.611,0,1,0,4,6,0.667,5,11,16,3,5,1,4,0,1,26,29.3,16,Evan Mobley
406,76,74,26/03/2023,21-281,CLE,H,HOU,W (+17),1,39:46:00,8,12,0.667,0,1,0,3,6,0.5,3,4,7,5,4,1,3,3,1,19,19.1,21,Evan Mobley
407,77,75,28/03/2023,21-283,CLE,@,ATL,L (-2),1,40:11:00,10,13,0.769,0,0,H,0,2,0,5,10,15,6,5,1,4,0,3,20,27.4,12,Evan Mobley
408,1,1,18/10/2022,24-229,BOS,H,PHI,W (+9),1,38:38:00,13,20,0.65,2,7,0.286,7,9,0.778,0,12,12,4,2,1,1,3,1,35,30.1,10,Jayson Tatum
409,2,2,21/10/2022,24-232,BOS,@,MIA,W (+7),1,36:47:00,10,22,0.455,2,7,0.286,7,7,1,2,3,5,4,3,1,2,2,1,29,22.7,-1,Jayson Tatum
410,3,3,22/10/2022,24-233,BOS,@,ORL,W (+6),1,37:39:00,14,21,0.667,4,10,0.4,8,9,0.889,0,8,8,1,3,1,2,1,2,40,34.2,6,Jayson Tatum
411,4,4,24/10/2022,24-235,BOS,@,CHI,L (-18),1,35:26:00,8,18,0.444,4,8,0.5,6,6,1,0,8,8,5,0,0,0,1,2,26,20.7,-8,Jayson Tatum
412,5,5,28/10/2022,24-239,BOS,H,CLE,L (-9),1,42:11:00,11,19,0.579,3,7,0.429,7,8,0.875,1,6,7,4,2,1,1,4,4,32,24.1,-10,Jayson Tatum
413,6,6,30/10/2022,24-241,BOS,H,WAS,W (+18),1,27:25:00,8,15,0.533,5,10,0.5,2,2,1,0,4,4,3,1,1,0,4,0,23,16,10,Jayson Tatum
414,7,7,02/11/2022,24-244,BOS,@,CLE,L (-1),1,42:52:00,8,21,0.381,2,9,0.222,8,8,1,3,9,12,6,5,1,4,6,0,26,21.3,-16,Jayson Tatum
415,8,8,04/11/2022,24-246,BOS,H,CHI,W (+4),1,40:03:00,8,23,0.348,3,10,0.3,17,20,0.85,2,10,12,6,2,1,1,1,4,36,29.6,11,Jayson Tatum
416,9,9,05/11/2022,24-247,BOS,@,NYK,W (+15),1,36:31:00,8,17,0.471,6,13,0.462,4,4,1,0,4,4,5,3,1,2,3,3,26,20.2,12,Jayson Tatum
417,10,10,07/11/2022,24-249,BOS,@,MEM,W (+3),1,39:35:00,12,25,0.48,3,11,0.273,12,16,0.75,0,3,3,2,2,0,2,2,2,39,25.6,15,Jayson Tatum
418,11,11,09/11/2022,24-251,BOS,H,DET,W (+16),1,31:35:00,10,20,0.5,5,11,0.455,6,7,0.857,0,1,1,5,2,1,1,1,4,31,23.5,16,Jayson Tatum
419,12,12,11/11/2022,24-253,BOS,H,DEN,W (+19),1,37:19:00,11,21,0.524,2,7,0.286,10,11,0.909,0,8,8,5,0,0,0,1,4,34,26.6,18,Jayson Tatum
420,13,13,12/11/2022,24-254,BOS,@,DET,W (+9),1,40:59:00,14,28,0.5,7,14,0.5,8,10,0.8,2,8,10,3,2,1,1,3,2,43,32,7,Jayson Tatum
421,14,14,14/11/2022,24-256,BOS,H,OKC,W (+4),1,38:00:00,9,23,0.391,1,9,0.111,8,10,0.8,1,9,10,1,6,3,3,1,2,27,21.1,2,Jayson Tatum
422,15,15,16/11/2022,24-258,BOS,@,ATL,W (+25),1,32:54:00,6,19,0.316,3,10,0.3,4,4,1,1,6,7,8,2,1,1,2,1,19,15.5,28,Jayson Tatum
423,16,16,18/11/2022,24-260,BOS,@,NOP,W (+8),1,39:28:00,6,18,0.333,2,10,0.2,5,6,0.833,0,7,7,10,0,0,0,3,1,19,14.1,11,Jayson Tatum
424,17,17,21/11/2022,24-263,BOS,@,CHI,L (-14),1,35:46:00,9,19,0.474,4,10,0.4,6,7,0.857,2,9,11,7,0,0,0,4,1,28,22.5,-13,Jayson Tatum
425,18,18,23/11/2022,24-265,BOS,H,DAL,W (+13),1,36:49:00,11,24,0.458,2,7,0.286,13,15,0.867,3,10,13,5,2,0,2,2,1,37,31.4,14,Jayson Tatum
426,19,19,25/11/2022,24-267,BOS,H,SAC,W (+18),1,31:09:00,10,17,0.588,2,6,0.333,8,9,0.889,1,7,8,4,1,1,0,3,4,30,23.7,12,Jayson Tatum
427,21,20,28/11/2022,24-270,BOS,H,CHO,W (+35),1,29:50:00,15,28,0.536,4,14,0.286,1,1,1,0,3,3,3,3,2,1,0,3,35,25.9,45,Jayson Tatum
428,22,21,30/11/2022,24-272,BOS,H,MIA,W (+13),1,39:13:00,15,25,0.6,8,12,0.667,11,12,0.917,1,10,11,3,2,2,0,1,3,49,42.7,29,Jayson Tatum
429,23,22,02/12/2022,24-274,BOS,H,MIA,L (-4),1,41:02:00,5,18,0.278,0,7,0,4,6,0.667,3,9,12,3,0,0,0,5,4,14,2.9,0,Jayson Tatum
430,24,23,04/12/2022,24-276,BOS,@,BRK,W (+11),1,36:38:00,10,19,0.526,3,6,0.5,6,6,1,2,9,11,1,4,4,0,9,3,29,18.3,12,Jayson Tatum
431,25,24,05/12/2022,24-277,BOS,@,TOR,W (+6),1,38:44:00,11,24,0.458,5,10,0.5,4,5,0.8,3,9,12,3,2,1,1,4,2,31,22,9,Jayson Tatum
432,26,25,07/12/2022,24-279,BOS,@,PHO,W (+27),1,29:06:00,9,19,0.474,3,8,0.375,4,6,0.667,0,5,5,2,2,2,0,3,2,25,15.6,26,Jayson Tatum
433,27,26,10/12/2022,24-282,BOS,@,GSW,L (-16),1,39:45:00,6,21,0.286,2,9,0.222,4,7,0.571,1,6,7,2,4,3,1,2,2,18,9.3,-13,Jayson Tatum
434,28,27,12/12/2022,24-284,BOS,@,LAC,L (-20),1,36:34:00,7,20,0.35,2,8,0.25,4,4,1,2,9,11,4,1,1,0,3,3,20,12.5,-18,Jayson Tatum
435,29,28,13/12/2022,24-285,BOS,@,LAL,W (+4),1,43:55:00,15,29,0.517,5,10,0.5,9,10,0.9,1,8,9,6,1,0,1,4,1,44,32.9,12,Jayson Tatum
436,30,29,16/12/2022,24-288,BOS,H,ORL,L (-8),1,38:03:00,9,20,0.45,2,8,0.25,11,12,0.917,3,4,7,3,2,2,0,2,1,31,25.2,-10,Jayson Tatum
437,32,30,21/12/2022,24-293,BOS,H,IND,L (-5),1,41:03:00,13,25,0.52,4,11,0.364,11,13,0.846,1,4,5,4,3,2,1,2,0,41,33.3,4,Jayson Tatum
438,33,31,23/12/2022,24-295,BOS,H,MIN,W (+12),1,35:00:00,10,22,0.455,1,6,0.167,9,11,0.818,2,6,8,5,1,1,0,3,3,30,21.3,11,Jayson Tatum
439,34,32,25/12/2022,24-297,BOS,H,MIL,W (+21),1,35:58:00,14,22,0.636,3,7,0.429,10,10,1,0,7,7,5,3,3,0,1,3,41,37.6,18,Jayson Tatum
440,35,33,27/12/2022,24-299,BOS,H,HOU,W (+24),1,34:06:00,12,25,0.48,6,16,0.375,8,8,1,0,8,8,4,2,1,1,2,2,38,29.4,12,Jayson Tatum
441,36,34,29/12/2022,24-301,BOS,H,LAC,W (+6),1,35:45:00,10,26,0.385,3,11,0.273,6,10,0.6,1,10,11,1,1,0,1,2,2,29,15.5,-5,Jayson Tatum
442,37,35,01/01/2023,24-304,BOS,@,DEN,L (-12),1,35:31:00,7,16,0.438,0,4,0,11,14,0.786,0,7,7,6,2,2,0,5,1,25,18.3,-15,Jayson Tatum
443,38,36,03/01/2023,24-306,BOS,@,OKC,L (-33),1,30:21:00,9,17,0.529,2,7,0.286,7,7,1,1,5,6,2,0,0,0,4,2,27,17.5,-25,Jayson Tatum
444,39,37,05/01/2023,24-308,BOS,@,DAL,W (+29),1,35:26:00,8,22,0.364,2,8,0.25,11,12,0.917,2,12,14,10,3,1,2,2,2,29,28,15,Jayson Tatum
445,40,38,07/01/2023,24-310,BOS,@,SAS,W (+5),1,36:02:00,13,26,0.5,5,10,0.5,3,5,0.6,0,4,4,2,0,0,0,2,3,34,19.6,2,Jayson Tatum
446,41,39,09/01/2023,24-312,BOS,H,CHI,W (+8),1,37:49:00,10,21,0.476,4,11,0.364,8,8,1,0,8,8,7,1,1,0,1,2,32,27.8,14,Jayson Tatum
447,42,40,11/01/2023,24-314,BOS,H,NOP,W (+11),1,35:55:00,10,22,0.455,3,8,0.375,8,10,0.8,2,8,10,4,1,1,0,0,2,31,25.6,12,Jayson Tatum
448,43,41,12/01/2023,24-315,BOS,@,BRK,W (+11),1,38:22:00,7,22,0.318,2,10,0.2,4,4,1,0,11,11,5,1,0,1,3,3,20,10.7,2,Jayson Tatum
449,44,42,14/01/2023,24-317,BOS,@,CHO,W (+16),1,36:54:00,12,27,0.444,4,14,0.286,5,5,1,3,6,9,6,1,0,1,1,0,33,26.7,26,Jayson Tatum
450,45,43,16/01/2023,24-319,BOS,@,CHO,W (+12),1,40:10:00,15,23,0.652,7,12,0.583,14,14,1,1,8,9,5,0,0,0,4,3,51,42.3,15,Jayson Tatum
451,46,44,19/01/2023,24-322,BOS,H,GSW,W (+3),1,48:07:00,9,27,0.333,4,13,0.308,12,12,1,2,17,19,6,3,3,0,7,2,34,24.6,7,Jayson Tatum
452,48,45,23/01/2023,24-326,BOS,@,ORL,L (-15),1,37:38:00,9,19,0.474,4,10,0.4,4,6,0.667,0,6,6,7,1,1,0,3,2,26,19.4,6,Jayson Tatum
453,49,46,24/01/2023,24-327,BOS,@,MIA,L (-3),1,39:39:00,9,18,0.5,2,5,0.4,11,14,0.786,0,14,14,7,0,0,0,7,4,31,21.3,-3,Jayson Tatum
454,50,47,26/01/2023,24-329,BOS,H,NYK,L (-3),1,43:07:00,12,26,0.462,2,7,0.286,9,9,1,2,12,14,4,2,1,1,3,3,35,26.9,6,Jayson Tatum
455,51,48,28/01/2023,24-331,BOS,H,LAL,W (+4),1,47:20:00,8,25,0.32,3,10,0.3,11,12,0.917,2,9,11,4,3,2,1,6,3,30,17.7,3,Jayson Tatum
456,52,49,01/02/2023,24-335,BOS,H,BRK,W (+43),1,29:19:00,12,19,0.632,7,12,0.583,0,0,H,1,8,9,4,3,2,1,1,1,31,29.7,46,Jayson Tatum
457,53,50,03/02/2023,24-337,BOS,H,PHO,L (-12),1,37:53:00,3,15,0.2,3,10,0.3,11,12,0.917,0,6,6,5,0,0,0,2,3,20,12.4,1,Jayson Tatum
458,54,51,06/02/2023,24-340,BOS,@,DET,W (+12),1,39:21:00,11,24,0.458,3,9,0.333,9,10,0.9,2,9,11,6,1,0,1,3,4,34,25.6,16,Jayson Tatum
459,55,52,08/02/2023,24-342,BOS,H,PHI,W (+7),1,37:24:00,5,15,0.333,1,5,0.2,1,3,0.333,1,7,8,9,2,1,1,4,2,12,8.7,5,Jayson Tatum
460,56,53,10/02/2023,24-344,BOS,H,CHO,W (+11),1,36:55:00,13,21,0.619,5,10,0.5,10,12,0.833,0,4,4,4,3,1,2,4,2,41,32.3,2,Jayson Tatum
461,57,54,12/02/2023,24-346,BOS,H,MEM,W (+10),1,37:59:00,3,16,0.188,1,8,0.125,9,12,0.75,0,7,7,3,4,2,2,3,0,16,9.4,7,Jayson Tatum
462,59,55,15/02/2023,24-349,BOS,H,DET,W (+18),1,34:02:00,15,24,0.625,6,10,0.6,2,2,1,0,9,9,7,0,0,0,4,3,38,29.6,1,Jayson Tatum
463,60,56,23/02/2023,24-357,BOS,@,IND,W (+4),1,41:42:00,9,25,0.36,3,12,0.25,10,11,0.909,3,9,12,7,3,2,1,4,1,31,24.7,-8,Jayson Tatum
464,61,57,25/02/2023,24-359,BOS,@,PHI,W (+3),1,36:26:00,7,17,0.412,3,8,0.375,1,2,0.5,3,10,13,6,1,0,1,5,1,18,13.1,-6,Jayson Tatum
465,62,58,27/02/2023,24-361,BOS,@,NYK,L (-15),1,36:41:00,6,18,0.333,1,9,0.111,1,1,1,2,5,7,9,1,1,0,4,1,14,9.6,-18,Jayson Tatum
466,63,59,01/03/2023,24-363,BOS,H,CLE,W (+4),1,35:57:00,13,21,0.619,4,6,0.667,11,14,0.786,2,9,11,8,0,0,0,3,1,41,36.6,4,Jayson Tatum
467,64,60,03/03/2023,25-000,BOS,H,BRK,L (-10),1,38:20:00,10,23,0.435,0,7,0,2,2,1,1,12,13,5,3,1,2,4,2,22,15.3,-19,Jayson Tatum
468,65,61,05/03/2023,25-002,BOS,H,NYK,L (-2),1,48:57:00,12,30,0.4,6,17,0.353,10,12,0.833,2,9,11,6,0,0,0,2,2,40,28.5,4,Jayson Tatum
469,67,62,08/03/2023,25-005,BOS,H,POR,W (+22),1,30:44:00,11,17,0.647,6,10,0.6,2,4,0.5,1,6,7,2,1,1,0,3,0,30,23.6,21,Jayson Tatum
470,68,63,11/03/2023,25-008,BOS,@,ATL,W (+9),1,35:27:00,12,25,0.48,5,14,0.357,5,6,0.833,0,15,15,6,1,0,1,1,5,34,27.3,13,Jayson Tatum
471,69,64,13/03/2023,25-010,BOS,@,HOU,L (-2),1,41:04:00,8,22,0.364,2,10,0.2,4,4,1,0,8,8,6,1,1,0,4,1,22,13,-2,Jayson Tatum
472,70,65,15/03/2023,25-012,BOS,@,MIN,W (+2),1,36:55:00,4,16,0.25,0,8,0,14,16,0.875,1,11,12,2,3,2,1,2,5,22,15.7,-3,Jayson Tatum
473,71,66,17/03/2023,25-014,BOS,@,POR,W (+14),1,36:29:00,8,20,0.4,2,11,0.182,16,18,0.889,1,11,12,4,3,3,0,5,2,34,26.4,11,Jayson Tatum
474,72,67,18/03/2023,25-015,BOS,@,UTA,L (-1),1,38:42:00,4,12,0.333,3,8,0.375,4,6,0.667,0,3,3,6,1,0,1,2,3,15,10,-13,Jayson Tatum
475,73,68,21/03/2023,25-018,BOS,@,SAC,W (+23),1,35:16:00,14,25,0.56,2,7,0.286,6,11,0.545,1,7,8,4,2,2,0,1,0,36,28.7,21,Jayson Tatum
476,74,69,24/03/2023,25-021,BOS,H,IND,W (+25),1,32:26:00,13,24,0.542,3,9,0.333,5,6,0.833,0,7,7,2,2,2,0,6,3,34,20.3,23,Jayson Tatum
477,76,70,28/03/2023,25-025,BOS,@,WAS,L (-19),1,31:52:00,11,19,0.579,2,7,0.286,4,4,1,0,9,9,5,1,0,1,3,4,28,21.4,-10,Jayson Tatum
478,1,1,19/10/2022,31-360,CHI,@,MIA,W (+8),1,33:07:00,5,13,0.385,1,5,0.2,4,4,1,5,12,17,2,3,0,3,1,1,15,17.1,16,Nikola Vucevic
479,2,2,21/10/2022,31-362,CHI,@,WAS,L (-2),1,29:59:00,5,14,0.357,2,7,0.286,12,12,1,2,6,8,1,0,0,0,1,0,24,19.1,-10,Nikola Vucevic
480,3,3,22/10/2022,31-363,CHI,H,CLE,L (-32),1,30:47:00,7,12,0.583,2,3,0.667,0,0,H,1,3,4,3,3,0,3,2,3,16,13,-10,Nikola Vucevic
481,4,4,24/10/2022,32-000,CHI,H,BOS,W (+18),1,30:37:00,7,19,0.368,0,3,0,4,5,0.8,10,13,23,5,0,0,0,2,3,18,18.3,1,Nikola Vucevic
482,5,5,26/10/2022,32-002,CHI,H,IND,W (+15),1,31:15:00,5,10,0.5,1,3,0.333,3,3,1,1,6,7,4,0,0,0,2,4,14,10.7,-1,Nikola Vucevic
483,6,6,28/10/2022,32-004,CHI,@,SAS,L (-5),1,24:31:00,4,13,0.308,1,5,0.2,0,0,H,3,2,5,2,1,0,1,2,3,9,3.1,-15,Nikola Vucevic
484,7,7,29/10/2022,32-005,CHI,H,PHI,L (-5),1,36:22:00,8,14,0.571,5,7,0.714,2,2,1,3,16,19,3,1,1,0,4,4,23,20.8,-2,Nikola Vucevic
485,8,8,01/11/2022,32-008,CHI,@,BRK,W (+9),1,31:56:00,3,8,0.375,0,1,0,1,2,0.5,3,12,15,2,1,1,0,1,2,7,8.5,5,Nikola Vucevic
486,9,9,02/11/2022,32-009,CHI,H,CHO,W (+18),1,31:34:00,5,16,0.313,2,6,0.333,2,2,1,2,11,13,3,1,0,1,4,2,14,7.5,-4,Nikola Vucevic
487,10,10,04/11/2022,32-011,CHI,@,BOS,L (-4),1,35:14:00,10,14,0.714,4,5,0.8,0,0,H,3,9,12,3,1,1,0,1,4,24,23.5,10,Nikola Vucevic
488,11,11,06/11/2022,32-013,CHI,@,TOR,L (-9),1,35:28:00,8,13,0.615,2,5,0.4,0,0,H,4,8,12,6,1,0,1,4,2,18,17.4,-10,Nikola Vucevic
489,12,12,07/11/2022,32-014,CHI,H,TOR,W (+14),1,34:43:00,7,14,0.5,1,4,0.25,0,0,H,0,13,13,4,2,0,2,5,3,15,9.9,7,Nikola Vucevic
490,13,13,09/11/2022,32-016,CHI,H,NOP,L (-4),1,27:24:00,6,9,0.667,2,4,0.5,4,5,0.8,0,7,7,2,0,0,0,2,2,18,14.4,-13,Nikola Vucevic
491,14,14,13/11/2022,32-020,CHI,H,DEN,L (-23),1,23:04,4,10,0.4,1,3,0.333,0,0,H,0,6,6,0,0,0,0,3,1,9,2,-16,Nikola Vucevic
492,15,15,16/11/2022,32-023,CHI,@,NOP,L (-14),1,29:46:00,6,13,0.462,2,5,0.4,0,0,H,2,8,10,0,1,1,0,2,1,14,9.7,-10,Nikola Vucevic
493,16,16,18/11/2022,32-025,CHI,H,ORL,L (-1),1,33:24:00,5,13,0.385,0,2,0,4,6,0.667,3,13,16,7,4,1,3,1,3,14,17.9,9,Nikola Vucevic
494,17,17,21/11/2022,32-028,CHI,H,BOS,W (+14),1,35:03:00,6,7,0.857,0,1,0,0,1,0,1,12,13,6,0,0,0,0,0,12,17.6,20,Nikola Vucevic
495,18,18,23/11/2022,32-030,CHI,@,MIL,W (+5),1,29:48:00,7,14,0.5,4,10,0.4,0,0,H,1,4,5,4,1,0,1,2,1,18,14,13,Nikola Vucevic
496,19,19,25/11/2022,32-032,CHI,@,OKC,L (-4),1,39:59:00,6,14,0.429,1,7,0.143,0,0,H,3,10,13,3,0,0,0,2,1,13,10.4,5,Nikola Vucevic
497,20,20,28/11/2022,32-035,CHI,@,UTA,W (+7),1,33:34:00,8,17,0.471,0,4,0,0,0,H,3,6,9,2,1,1,0,1,1,16,12.2,3,Nikola Vucevic
498,21,21,30/11/2022,32-037,CHI,@,PHO,L (-19),1,29:22:00,5,9,0.556,1,3,0.333,6,7,0.857,1,7,8,1,3,2,1,2,5,17,14.5,-10,Nikola Vucevic
499,22,22,02/12/2022,32-039,CHI,@,GSW,L (-8),1,32:11:00,9,17,0.529,2,7,0.286,3,4,0.75,0,11,11,1,3,3,0,1,1,23,19.9,-8,Nikola Vucevic
500,23,23,04/12/2022,32-041,CHI,@,SAC,L (-9),1,37:04:00,4,10,0.4,2,4,0.5,2,2,1,0,6,6,1,1,0,1,2,0,12,7.8,-5,Nikola Vucevic
501,24,24,07/12/2022,32-044,CHI,H,WAS,W (+4),1,35:35:00,10,16,0.625,3,5,0.6,2,3,0.667,2,9,11,3,4,2,2,1,1,25,25.6,13,Nikola Vucevic
502,25,25,10/12/2022,32-047,CHI,H,DAL,W (+29),1,26:06:00,8,11,0.727,2,3,0.667,2,2,1,2,6,8,4,2,1,1,0,3,20,22,10,Nikola Vucevic
503,26,26,11/12/2022,32-048,CHI,@,ATL,L (-1),1,36:37:00,6,11,0.545,1,2,0.5,0,0,H,2,6,8,1,2,2,0,0,0,13,13.6,-3,Nikola Vucevic
504,27,27,14/12/2022,32-051,CHI,H,NYK,L (-8),1,41:07:00,9,16,0.563,1,5,0.2,0,0,H,0,7,7,5,2,0,2,1,1,19,17,-3,Nikola Vucevic
505,28,28,16/12/2022,32-053,CHI,H,NYK,L (-23),1,29:19:00,4,8,0.5,1,3,0.333,0,0,H,1,7,8,4,0,0,0,2,2,9,7.8,-23,Nikola Vucevic
506,29,29,18/12/2022,32-055,CHI,@,MIN,L (-24),1,32:14:00,10,15,0.667,3,6,0.5,0,0,H,1,8,9,5,3,2,1,4,3,23,20.6,-18,Nikola Vucevic
507,30,30,20/12/2022,32-057,CHI,@,MIA,W (+10),1,37:17:00,13,17,0.765,3,5,0.6,0,0,H,2,10,12,2,1,1,0,3,2,29,25.3,4,Nikola Vucevic
508,31,31,21/12/2022,32-058,CHI,@,ATL,W (+2),1,33:08:00,8,17,0.471,2,7,0.286,2,2,1,2,5,7,2,2,1,1,0,1,20,16.9,-13,Nikola Vucevic
509,32,32,23/12/2022,32-060,CHI,@,NYK,W (+1),1,39:03:00,8,16,0.5,3,7,0.429,2,2,1,3,9,12,2,1,1,0,1,3,21,18,9,Nikola Vucevic
510,33,33,26/12/2022,32-063,CHI,H,HOU,L (-15),1,29:50:00,4,13,0.308,1,5,0.2,1,2,0.5,0,3,3,4,0,0,0,2,3,10,2.6,-13,Nikola Vucevic
511,34,34,28/12/2022,32-065,CHI,H,MIL,W (+6),1,36:30:00,5,12,0.417,3,5,0.6,2,2,1,2,12,14,5,3,0,3,4,5,15,13.2,-4,Nikola Vucevic
512,35,35,30/12/2022,32-067,CHI,H,DET,W (+14),1,32:49:00,9,16,0.563,1,3,0.333,0,0,H,3,6,9,2,4,1,3,1,1,19,18.4,16,Nikola Vucevic
513,36,36,31/12/2022,32-068,CHI,H,CLE,L (-1),1,34:30:00,5,13,0.385,0,4,0,1,2,0.5,3,11,14,1,3,2,1,0,2,11,11.5,7,Nikola Vucevic
514,37,37,02/01/2023,32-070,CHI,@,CLE,L (-11),1,43:31:00,6,8,0.75,2,4,0.5,6,7,0.857,1,12,13,2,0,0,0,1,3,20,19.9,-19,Nikola Vucevic
515,38,38,04/01/2023,32-072,CHI,H,BRK,W (+9),1,35:52:00,8,12,0.667,1,3,0.333,4,4,1,2,11,13,3,2,0,2,3,2,21,20.2,6,Nikola Vucevic
516,39,39,06/01/2023,32-074,CHI,@,PHI,W (+14),1,36:29:00,8,14,0.571,2,3,0.667,1,1,1,2,16,18,10,2,0,2,1,1,19,25.6,16,Nikola Vucevic
517,40,40,07/01/2023,32-075,CHI,H,UTA,W (+8),1,33:30:00,5,8,0.625,2,3,0.667,3,4,0.75,2,14,16,4,2,0,2,1,4,15,18.2,1,Nikola Vucevic
518,41,41,09/01/2023,32-077,CHI,@,BOS,L (-8),1,33:38:00,9,15,0.6,3,6,0.5,0,2,0,1,12,13,1,0,0,0,0,1,21,17.9,-18,Nikola Vucevic
519,42,42,11/01/2023,32-079,CHI,@,WAS,L (-3),1,38:47:00,7,14,0.5,1,4,0.25,0,0,H,3,7,10,5,2,0,2,2,2,15,14.3,-2,Nikola Vucevic
520,43,43,13/01/2023,32-081,CHI,H,OKC,L (-14),1,39:01:00,9,14,0.643,1,4,0.25,0,0,H,3,8,11,4,1,1,0,4,2,19,16.3,-13,Nikola Vucevic
521,44,44,15/01/2023,32-083,CHI,H,GSW,W (+14),1,39:01:00,18,31,0.581,5,10,0.5,2,2,1,4,9,13,4,4,4,0,1,1,43,39.4,12,Nikola Vucevic
522,45,45,19/01/2023,32-087,CHI,@,DET,W (+18),1,35:12:00,8,19,0.421,0,5,0,0,0,H,4,11,15,6,1,1,0,2,4,16,13.6,16,Nikola Vucevic
523,46,46,23/01/2023,32-091,CHI,H,ATL,W (+11),1,38:47:00,6,14,0.429,1,5,0.2,1,2,0.5,6,11,17,7,1,1,0,1,1,14,18.2,19,Nikola Vucevic
524,47,47,24/01/2023,32-092,CHI,@,IND,L (-6),1,32:43:00,9,14,0.643,2,2,1,0,0,H,0,8,8,5,2,0,2,3,2,20,17.3,2,Nikola Vucevic
525,48,48,26/01/2023,32-094,CHI,@,CHO,L (-15),1,35:25:00,5,16,0.313,0,6,0,2,2,1,0,9,9,1,1,1,0,2,4,12,3.6,-23,Nikola Vucevic
526,49,49,28/01/2023,32-096,CHI,@,ORL,W (+19),1,39:11:00,11,18,0.611,2,5,0.4,2,2,1,4,9,13,5,2,0,2,3,4,26,23.6,23,Nikola Vucevic
527,50,50,31/01/2023,32-099,CHI,H,LAC,L (-5),1,38:40:00,10,15,0.667,3,6,0.5,0,0,H,0,14,14,4,2,2,0,0,3,23,24.3,10,Nikola Vucevic
528,51,51,02/02/2023,32-101,CHI,H,CHO,W (+16),1,33:16:00,7,14,0.5,1,5,0.2,2,2,1,0,12,12,6,1,1,0,0,2,17,18,4,Nikola Vucevic
529,52,52,04/02/2023,32-103,CHI,H,POR,W (+8),1,34:34:00,10,17,0.588,0,4,0,3,4,0.75,3,8,11,4,0,0,0,1,3,23,19.8,-1,Nikola Vucevic
530,53,53,06/02/2023,32-105,CHI,H,SAS,W (+24),1,23:35,10,18,0.556,2,6,0.333,0,0,H,1,11,12,4,3,1,2,3,2,22,18.8,-3,Nikola Vucevic
531,54,54,07/02/2023,32-106,CHI,@,MEM,L (-15),1,37:15:00,12,26,0.462,3,7,0.429,1,2,0.5,4,13,17,6,3,3,0,1,1,28,26.7,-9,Nikola Vucevic
532,55,55,09/02/2023,32-108,CHI,@,BRK,L (-11),1,37:13:00,7,15,0.467,1,6,0.167,0,0,H,2,15,17,1,0,0,0,0,4,15,12.3,-3,Nikola Vucevic
533,56,56,11/02/2023,32-110,CHI,@,CLE,L (-8),1,36:26:00,7,13,0.538,0,4,0,0,0,H,0,14,14,4,1,0,1,0,2,14,14.6,-3,Nikola Vucevic
534,57,57,13/02/2023,32-112,CHI,H,ORL,L (-9),1,34:12:00,5,11,0.455,1,2,0.5,2,2,1,2,11,13,1,2,2,0,1,4,13,12.1,-13,Nikola Vucevic
535,58,58,15/02/2023,32-114,CHI,@,IND,L (-4),1,36:31:00,8,18,0.444,3,5,0.6,0,2,0,1,6,7,3,2,0,2,4,3,19,9.6,-8,Nikola Vucevic
536,59,59,16/02/2023,32-115,CHI,H,MIL,L (-12),1,31:21:00,8,20,0.4,2,6,0.333,4,4,1,4,12,16,3,0,0,0,2,4,22,16.1,-23,Nikola Vucevic
537,60,60,24/02/2023,32-123,CHI,H,BRK,W (+44),1,28:30:00,5,9,0.556,0,0,H,3,4,0.75,1,9,10,2,2,0,2,0,1,13,14.1,35,Nikola Vucevic
538,61,61,26/02/2023,32-125,CHI,H,WAS,W (+20),1,32:22:00,7,16,0.438,0,6,0,2,2,1,2,11,13,1,0,0,0,0,2,16,12.2,0,Nikola Vucevic
539,62,62,28/02/2023,32-127,CHI,@,TOR,L (-6),1,31:29:00,9,14,0.643,4,6,0.667,1,1,1,1,4,5,4,0,0,0,6,2,23,14.7,1,Nikola Vucevic
540,63,63,01/03/2023,32-128,CHI,@,DET,W (+2),1,35:28:00,5,15,0.333,0,5,0,2,4,0.5,1,8,9,2,1,1,0,1,1,12,6.8,11,Nikola Vucevic
541,64,64,03/03/2023,32-130,CHI,H,PHO,L (-21),1,31:01:00,6,15,0.4,1,3,0.333,0,0,H,2,7,9,2,1,1,0,2,3,13,7.6,-14,Nikola Vucevic
542,65,65,05/03/2023,32-132,CHI,H,IND,L (-3),1,35:40:00,6,10,0.6,0,2,0,0,0,H,0,9,9,5,5,3,2,1,3,12,15.8,0,Nikola Vucevic
543,66,66,08/03/2023,32-135,CHI,@,DEN,W (+21),1,34:41:00,9,17,0.529,2,4,0.5,5,5,1,2,13,15,3,0,0,0,1,3,25,21.9,17,Nikola Vucevic
544,67,67,11/03/2023,32-138,CHI,@,HOU,W (+8),1,33:14:00,7,15,0.467,4,7,0.571,0,0,H,2,10,12,6,1,1,0,2,1,18,17.5,8,Nikola Vucevic
545,68,68,15/03/2023,32-142,CHI,H,SAC,L (-3),1,35:08:00,8,22,0.364,0,7,0,4,5,0.8,6,8,14,3,0,0,0,2,4,20,12.5,-8,Nikola Vucevic
546,69,69,17/03/2023,32-144,CHI,H,MIN,W (+8),1,45:53:00,9,20,0.45,2,3,0.667,1,1,1,2,9,11,4,5,2,3,4,5,21,15.6,17,Nikola Vucevic
547,70,70,18/03/2023,32-145,CHI,H,MIA,W (+14),1,39:09:00,6,8,0.75,0,0,H,1,1,1,1,9,10,2,1,0,1,1,3,13,13.1,9,Nikola Vucevic
548,71,71,20/03/2023,32-147,CHI,@,PHI,W (+4),1,46:16:00,8,12,0.667,1,2,0.5,4,4,1,1,11,12,2,4,4,0,1,2,21,23.4,5,Nikola Vucevic
549,72,72,22/03/2023,32-149,CHI,H,PHI,L (-25),1,24:59:00,4,10,0.4,0,2,0,0,0,H,2,3,5,2,1,1,0,1,0,8,6.3,-31,Nikola Vucevic
550,73,73,24/03/2023,32-151,CHI,@,POR,W (+28),1,30:23:00,10,13,0.769,1,1,1,2,2,1,2,13,15,4,1,1,0,5,3,23,20.8,34,Nikola Vucevic
551,74,74,26/03/2023,32-153,CHI,@,LAL,W (+10),1,15:17,2,5,0.4,0,1,0,0,0,H,0,2,2,1,1,1,0,0,1,4,3.2,-5,Nikola Vucevic
552,75,75,27/03/2023,32-154,CHI,@,LAC,L (-12),1,30:23:00,9,13,0.692,2,3,0.667,0,0,H,1,7,8,5,0,0,0,3,3,20,16.6,-17,Nikola Vucevic
